timestamp,price,quantity,makerTrader,takerTrader,buyerIsMaker
3,96.2133,1,3,2,0
4,95.0623,4,4,1,0
4,96.2133,1,3,1,0
6,96.2133,1,3,3,0
7,97.1558,1,3,4,1
7,95.8074,3,5,4,1
12,95.8074,1,5,2,1
12,95.6529,1,2,4,0
12,96.109,2,5,5,0
13,97.3609,1,1,2,0
13,97.5925,2,3,2,0
13,97.5925,1,3,5,0
13,97.7492,1,3,5,0
13,98.374,1,0,5,0
14,98.615,4,4,3,0
15,98.615,1,4,2,0
15,98.6374,3,5,2,0
17,98.6374,2,5,3,0
17,99.0731,2,2,3,0
17,98.2531,4,3,5,1
19,99.0731,3,2,3,0
20,99.173,3,1,3,0
20,99.4345,1,1,3,0
22,99.2755,1,2,5,0
23,99.2755,4,2,5,0
24,99.4345,3,1,2,0
24,99.4345,1,1,3,0
24,99.4995,1,0,3,0
28,98.6218,2,3,1,1
28,98.5877,2,4,1,1
28,98.2531,1,3,1,1
29,99.3154,1,2,1,0
29,99.4995,1,0,1,0
29,99.774,1,5,1,0
29,97.7417,1,2,4,1
31,99.774,1,5,2,0
31,99.8929,1,3,2,0
34,99.8929,1,3,5,0
35,99.8245,3,3,1,1
35,100.095,1,2,5,0
36,99.8245,1,3,0,1
36,97.7417,3,2,5,1
37,100.095,1,2,0,0
39,97.7417,1,2,2,1
39,97.2876,1,4,2,1
41,97.6939,2,2,1,0
41,98.4603,2,5,1,0
42,100.095,1,2,3,0
42,100.289,3,0,3,0
42,97.2876,2,4,4,1
42,97.2599,1,5,4,1
44,100.408,1,1,5,0
44,100.798,3,5,5,0
47,100.8,1,2,2,0
47,101.078,2,0,2,0
49,100.737,2,1,5,0
49,101.09,3,4,5,0
50,100.207,1,4,1,1
50,97.9614,3,0,1,1
50,97.2599,1,5,1,1
50,97.2599,3,5,3,1
50,97.2212,1,1,3,1
50,97.2031,1,2,3,1
51,101.09,1,4,3,0
51,101.121,2,0,3,0
51,101.234,2,1,3,0
52,100.865,3,0,1,1
53,100.513,1,1,1,0
54,100.513,1,1,3,0
54,101.234,1,1,3,0
54,101.378,1,1,4,0
55,99.5242,3,5,1,1
55,97.2031,2,2,1,1
55,98.2062,2,4,5,0
55,100.033,2,3,5,0
56,101.378,1,1,3,0
57,101.378,2,1,2,0
57,101.389,2,0,2,0
57,101.47,1,2,2,0
57,100.267,1,5,3,1
59,101.47,1,2,4,0
60,101.053,3,5,3,1
61,101.053,1,5,0,1
61,99.1903,1,4,0,1
61,98.9651,2,0,1,0
62,101.47,2,2,0,0
62,101.472,2,0,0,0
63,100.858,1,1,1,1
63,97.8976,1,1,4,0
66,100.235,3,5,4,1
67,101.472,1,0,1,0
68,101.472,1,0,1,0
69,101.511,2,3,0,0
69,101.511,3,3,2,0
69,101.638,1,1,2,0
69,101.671,1,5,2,0
70,100.433,3,4,4,1
71,100.909,1,0,1,0
71,100.909,1,0,2,0
72,100.433,1,4,0,1
72,100.385,2,3,0,1
73,100.71,2,5,1,0
74,100.909,1,0,0,0
74,101.671,1,5,0,0
74,100.235,2,5,3,1
74,98.6081,3,1,3,1
75,101.671,1,5,2,0
77,98.9059,3,2,0,0
78,99.6925,2,0,0,1
78,98.4397,1,5,0,1
81,101.671,2,5,5,0
81,101.706,1,0,5,0
82,100.442,3,5,0,1
82,100.442,2,5,2,1
82,100.394,1,3,2,1
83,100.653,2,4,4,0
84,100.653,3,4,0,0
84,102.196,1,3,0,0
84,102.196,1,3,4,0
84,102.203,3,2,4,0
86,100.394,3,3,0,1
86,100.088,2,1,0,1
87,100.088,1,1,1,1
87,99.5023,1,2,1,1
87,98.7008,2,1,1,1
87,98.6634,1,4,1,1
87,98.6634,1,4,3,1
87,98.3899,1,0,3,1
87,97.8376,1,2,3,1
88,102.005,3,3,2,0
88,102.203,1,2,2,0
88,102.283,1,4,2,0
88,102.283,3,4,4,0
88,102.471,2,1,4,0
89,99.7794,3,5,2,1
89,102.471,1,1,3,0
89,102.484,2,3,3,0
90,99.7794,1,5,3,1
90,99.4581,1,3,5,0
91,101.792,1,5,1,1
91,100.227,3,1,2,0
92,100.571,2,4,2,1
94,100.703,4,2,1,0
95,100.571,1,4,1,1
95,99.9778,4,3,1,1
95,99.2027,1,3,3,1
95,102.486,2,5,4,0
97,101.485,1,5,5,1
98,101.485,3,5,0,1
98,101.043,1,1,3,1
99,99.2262,3,3,3,0
100,99.3942,1,3,1,1
102,102.486,1,5,3,0
102,100.057,1,1,5,1
104,98.9814,1,3,3,1
104,98.9414,3,4,3,1
104,98.9414,2,4,4,1
104,97.8376,2,2,4,1
104,99.0658,1,5,5,0
105,101.881,2,5,1,1
105,102.554,3,4,4,0
105,102.674,1,4,4,0
105,102.675,1,2,4,0
106,101.881,1,5,1,1
106,97.8376,1,2,1,1
106,97.7795,2,5,1,1
106,97.4211,1,5,1,1
108,97.8086,2,2,4,0
111,97.8086,1,2,1,0
113,101.903,2,3,1,0
114,100.998,2,4,0,0
114,100.991,1,1,3,1
114,100.464,2,4,3,1
114,97.4211,2,5,3,1
114,100.998,1,4,4,0
114,101.903,3,3,4,0
116,101.263,1,2,1,1
118,99.2545,2,0,1,1
118,101.875,1,0,2,0
119,101.609,1,5,0,1
119,99.2545,1,0,0,1
120,101.411,2,2,3,0
120,101.875,2,0,3,0
120,102.149,1,3,5,1
121,100.829,1,5,4,0
121,102.5,1,1,4,0
121,102.675,2,2,4,0
123,102.75,3,5,0,0
123,102.782,1,0,0,0
123,102.803,1,2,0,0
123,99.5087,2,1,3,0
124,99.2545,1,0,0,1
124,99.6174,2,2,1,0
124,99.6174,1,2,2,0
130,99.5383,1,4,3,1
130,99.2959,3,2,3,1
130,99.2469,1,0,3,1
131,99.6174,1,2,1,0
131,102.819,2,5,1,0
131,99.2469,3,0,5,1
131,98.9942,2,1,5,1
133,98.9942,2,1,2,1
133,100.845,1,0,3,0
133,101.288,3,3,4,1
134,102.781,3,5,3,1
134,102.781,2,5,4,1
134,101.773,1,0,4,1
138,101.288,1,3,0,1
138,100.891,4,2,0,1
140,100.891,1,2,0,1
140,100.712,1,5,0,1
140,100.711,3,3,0,1
142,100.495,1,5,4,1
142,99.239,2,5,4,1
142,98.9942,1,1,4,1
143,101.699,5,0,4,0
144,98.7792,1,1,2,1
144,102.819,3,5,4,0
146,99.6709,2,1,1,0
146,102.27,3,2,3,1
147,100.528,1,3,5,0
149,99.3667,1,2,2,1
149,99.1049,1,0,2,1
149,99.2815,3,4,5,0
150,99.2815,2,4,1,0
150,99.7837,2,0,1,0
150,99.7837,2,0,2,0
150,100.528,1,3,2,0
151,98.7792,3,1,0,1
151,98.6414,2,5,0,1
151,101.731,3,1,1,0
151,101.731,2,1,3,0
152,102.408,1,3,4,1
153,98.8627,1,3,1,1
155,99.1137,4,0,2,0
155,99.7496,1,4,2,0
155,99.0724,3,0,3,1
155,100.665,2,4,4,0
155,100.665,2,4,5,0
157,100.253,1,5,0,1
157,101.681,1,2,3,0
157,100.253,1,5,4,1
157,99.0724,1,0,4,1
157,98.8627,2,3,4,1
158,101.681,3,2,2,0
158,98.8627,1,3,4,1
158,98.6414,1,5,4,1
160,101.681,1,2,3,0
160,102.455,2,2,3,0
160,102.821,2,1,3,0
160,98.6414,1,5,5,1
160,98.453,2,5,5,1
161,98.4517,3,1,4,1
162,98.4498,2,2,2,1
162,102.035,3,1,3,0
164,98.4335,2,1,2,1
165,101.893,4,2,4,1
165,98.4495,1,3,4,1
165,102.035,1,1,5,0
167,102.698,3,2,4,0
168,99.4615,4,1,4,0
168,102.821,1,1,4,0
169,102.821,1,1,1,0
171,102.555,5,3,2,1
172,98.3629,4,2,0,1
174,99.1564,1,4,0,0
174,99.1564,2,4,2,0
174,99.3668,3,3,2,0
174,99.3668,2,3,4,0
175,97.8122,4,1,4,1
175,99.7918,3,2,5,0
176,99.7918,1,2,2,0
176,100.55,1,4,4,0
178,101.49,2,4,0,1
178,99.9061,1,3,0,1
178,99.9061,4,3,4,1
180,101.662,3,3,0,0
180,101.662,1,3,2,0
180,102.202,1,2,4,1
184,102.202,3,2,4,1
184,101.468,2,1,4,1
185,101.468,2,1,2,1
186,100.816,2,1,1,1
186,100.789,2,0,1,1
186,100.789,1,0,3,1
186,98.9268,1,0,3,1
186,98.6824,2,5,3,1
187,101.548,2,4,2,0
190,98.6824,1,5,1,1
192,97.8968,2,2,2,1
193,97.8122,1,1,3,1
193,97.7483,2,5,3,1
193,97.6923,1,3,4,0
193,98.5416,1,3,5,0
195,98.6254,4,5,1,1
195,97.6212,1,0,1,1
195,98.7592,1,5,4,0
195,100.027,3,4,4,0
195,100.111,1,1,4,0
198,99.2877,3,1,2,0
199,99.2877,2,1,5,0
199,99.4768,1,3,5,0
199,100.111,2,1,5,0
200,100.111,2,1,5,0
202,98.052,3,2,2,1
203,100.395,1,2,4,0
206,98.9843,1,0,3,0
209,98.052,2,2,2,1
209,97.7241,1,2,2,1
210,98.8711,2,5,0,0
210,97.7241,1,2,1,1
210,97.6212,2,0,1,1
210,97.5704,1,3,1,1
211,98.8711,1,5,0,0
211,98.9171,2,3,0,0
211,97.5704,4,3,2,1
211,97.5614,1,0,2,1
211,97.4587,1,5,4,1
211,97.4211,1,5,4,1
213,98.9171,2,3,1,0
213,98.9843,3,0,1,0
213,97.3964,2,5,2,1
213,97.3615,2,5,2,1
213,98.9843,1,0,3,0
213,99.6161,4,2,3,0
214,98.4402,3,5,2,0
214,99.5176,2,3,4,0
215,97.3472,3,4,0,1
218,99.245,3,5,5,1
220,99.5176,2,3,0,0
222,100.171,1,3,1,0
222,100.395,2,2,1,0
222,100.397,2,4,1,0
222,100.397,2,4,2,0
223,99.7667,5,5,5,0
224,100.397,1,4,4,0
224,100.737,2,1,4,0
224,100.788,1,3,4,0
225,99.7496,1,3,0,1
226,100.788,2,3,5,0
227,99.7496,2,3,1,1
227,99.32,1,5,1,1
227,99.245,2,5,1,1
228,100.8,1,5,1,0
231,98.2599,1,1,2,0
231,98.2184,1,3,3,1
231,98.1007,1,0,3,1
231,97.3176,3,1,3,1
231,98.2599,2,1,4,0
232,98.2599,2,1,0,0
234,99.1486,3,0,5,0
235,98.1144,4,1,3,0
236,97.317,2,4,3,1
236,97.2872,2,4,3,1
236,98.1144,1,1,5,0
236,99.9798,2,1,5,0
236,100.857,2,4,5,0
237,100.857,2,4,4,0
237,100.883,1,5,5,0
238,97.2872,2,4,0,1
238,97.2826,1,0,0,1
238,97.2646,2,1,0,1
238,97.2646,2,1,1,1
238,97.2238,3,3,1,1
239,97.2238,1,3,0,1
239,97.1581,1,2,0,1
242,97.3781,1,0,5,0
243,97.2731,2,1,1,1
243,97.1581,1,2,1,1
244,97.3781,2,0,2,0
246,97.3781,1,0,4,0
246,97.4036,3,1,4,0
247,97.1581,3,2,2,1
247,97.1304,1,5,2,1
247,97.0984,2,0,5,1
248,97.4036,2,1,4,0
248,98.5187,2,0,4,0
248,99.4963,1,2,4,0
250,97.2672,3,3,2,1
250,99.4963,3,2,5,0
250,100.168,1,5,5,0
252,100.168,1,5,1,0
252,100.26,2,5,1,0
252,100.26,3,5,5,0
253,99.0672,4,3,5,0
254,100.883,2,5,3,0
255,100.883,2,5,0,0
255,101.018,2,2,0,0
255,101.035,1,1,0,0
257,101.26,3,5,4,0
258,98.9354,3,3,2,1
259,98.9354,1,3,3,1
261,98.182,2,5,0,1
261,98.7612,2,3,1,0
261,98.7612,2,3,4,0
261,99.0287,2,3,4,0
263,99.0287,1,3,0,0
263,99.0287,2,3,2,0
264,100.855,4,4,2,0
264,100.855,1,4,5,0
264,101.433,1,2,5,0
264,101.515,2,4,5,0
264,101.548,1,4,5,0
265,98.0055,1,4,0,1
267,100.239,1,1,3,1
267,99.3197,1,5,3,1
268,99.3197,2,5,1,1
268,101.548,1,4,4,0
268,101.749,2,5,4,0
269,101.749,3,5,0,0
270,101.76,1,3,0,0
270,99.3197,1,5,3,1
270,98.1871,3,2,3,1
270,98.1301,1,1,3,1
273,100.305,1,0,0,1
274,100.305,2,0,0,1
274,100.191,3,1,0,1
275,100.191,2,1,4,1
275,98.6056,1,2,4,1
275,98.1301,1,1,4,1
275,98.0055,1,4,4,1
278,100.391,3,0,1,1
278,101.004,3,0,2,0
278,101.004,2,0,4,0
278,101.572,1,5,4,0
280,100.857,3,4,2,0
280,101.572,1,5,3,0
280,101.76,1,3,3,0
280,101.9,1,0,3,0
282,100.391,1,0,5,1
283,99.2936,1,5,2,0
283,99.2936,1,5,4,0
285,101.541,1,4,0,1
285,100.425,2,0,2,0
285,101.717,1,1,4,0
286,99.2774,3,1,4,0
287,101.717,2,1,1,0
287,101.9,2,0,1,0
287,100.813,1,4,5,1
287,98.2118,2,5,5,1
289,100.11,1,2,1,1
289,101.928,1,4,3,0
289,102.306,1,3,3,0
290,102.306,3,3,3,0
290,102.444,1,2,3,0
291,100.446,1,0,4,1
292,101.821,4,2,3,0
292,102.444,1,2,3,0
294,100.446,4,0,3,1
296,100.11,1,2,1,1
296,99.3531,2,1,2,0
298,99.3531,1,1,2,0
298,101.018,2,1,2,0
299,101.018,2,1,3,0
301,99.3118,3,1,3,1
301,99.3036,1,5,3,1
301,99.103,1,0,3,1
301,99.103,2,0,4,1
301,98.8913,2,0,4,1
301,98.2118,1,5,5,1
302,100.593,1,5,2,0
303,97.9046,2,2,4,1
303,97.6454,2,2,4,1
303,97.4692,1,1,4,1
304,97.4692,3,1,0,1
304,97.4338,1,4,0,1
304,97.3021,2,5,1,1
304,97.2672,2,3,1,1
304,101.018,1,1,2,0
304,102.445,1,1,2,0
304,102.475,2,4,2,0
304,102.489,1,1,2,0
304,99.3537,1,3,5,1
305,97.7777,3,5,2,0
307,97.0949,3,1,5,1
307,97.085,1,2,5,1
308,97.0667,3,3,1,1
309,97.474,2,0,2,0
309,97.474,3,0,3,0
309,97.7777,1,5,3,0
309,102.489,1,1,4,0
310,98.2913,1,3,3,1
310,97.0502,1,5,3,1
312,98.2322,1,4,4,1
312,97.3565,3,2,4,1
312,98.6219,2,0,5,0
313,98.6219,1,0,4,0
313,99.3852,1,3,4,0
315,99.3852,3,3,2,0
317,98.6848,1,4,2,1
317,98.7211,4,3,3,0
317,98.6848,1,4,5,1
318,98.7211,1,3,5,0
319,99.3852,1,3,2,0
319,99.7765,3,0,2,0
319,99.8362,1,2,2,0
319,98.6848,1,4,3,1
320,98.6848,2,4,1,1
320,97.773,1,4,1,1
320,99.8362,3,2,5,0
321,99.8362,1,2,4,0
321,99.9412,3,1,4,0
321,100.234,5,4,5,0
324,98.4591,1,3,4,0
325,97.773,3,4,3,1
326,98.4591,1,3,4,0
327,98.4591,1,3,2,0
327,98.4591,1,3,5,0
327,98.5189,2,0,5,0
328,98.5189,1,0,4,0
329,100.841,2,1,1,0
329,100.812,3,4,3,1
329,97.773,1,4,4,1
329,97.3565,1,2,4,1
329,97.3077,3,4,5,0
330,98.7902,2,3,5,1
331,100.268,2,1,5,0
332,100.268,2,1,0,0
332,100.841,2,1,0,0
333,101.523,3,0,2,0
334,101.618,3,5,1,0
334,101.639,1,0,1,0
335,101.639,1,0,3,0
335,101.719,1,4,3,0
335,101.932,2,2,3,0
336,101.021,1,4,2,1
336,100.897,1,0,2,1
338,101.849,1,0,3,1
339,101.343,1,3,1,1
339,102.097,3,2,4,0
339,102.146,2,5,4,0
340,102.289,1,2,0,0
340,102.489,3,1,0,0
340,102.506,1,1,0,0
341,101.343,2,3,1,1
341,102.506,3,1,5,0
341,102.513,1,5,5,0
345,101.967,3,3,3,1
345,101.967,2,3,4,1
345,101.343,2,3,4,1
345,101.192,1,0,4,1
346,102.67,1,0,0,0
346,102.711,1,0,0,0
346,102.741,2,4,0,0
347,101.192,2,0,2,1
347,100.897,2,0,2,1
348,101.145,3,0,1,1
349,101.145,1,0,2,1
349,100.897,2,0,2,1
352,100.123,3,4,0,0
352,99.7975,3,0,4,1
352,99.7901,1,2,4,1
354,100.123,1,4,0,0
354,101.103,1,5,0,0
354,99.7901,2,2,3,1
354,99.3799,1,5,3,1
354,102.011,2,3,4,0
354,102.741,2,4,4,0
355,99.3799,2,5,2,1
355,99.0379,2,0,2,1
355,98.9895,1,4,2,1
356,99.8539,3,3,0,1
356,98.9895,2,4,0,1
357,102.355,1,1,0,1
357,102.741,1,4,5,0
357,102.845,2,5,5,0
359,102.355,1,1,3,1
359,98.9895,1,4,3,1
359,98.8153,1,5,3,1
361,102.845,1,5,3,0
361,102.857,2,2,3,0
361,102.883,1,2,3,0
362,98.8153,1,5,1,1
363,99.2971,3,2,4,1
363,98.8153,1,5,4,1
363,98.7902,1,3,4,1
364,98.7902,2,3,2,1
364,98.1477,3,1,2,1
365,98.9403,2,4,0,0
365,98.9403,1,4,1,0
365,99.2875,2,1,4,1
365,97.9172,3,3,4,1
368,99.3298,3,0,4,1
368,99.2184,2,0,5,1
369,99.4041,3,2,1,0
369,99.4041,1,2,4,0
369,99.623,1,5,4,0
370,99.2184,2,0,0,1
370,98.3279,2,4,5,1
371,97.9172,2,3,1,1
371,97.8869,3,2,1,1
373,98.3062,1,4,1,1
374,98.9257,3,0,5,0
374,99.623,1,5,5,0
375,98.3062,1,4,0,1
375,97.8869,1,2,0,1
375,97.609,1,0,0,1
375,99.623,1,5,2,0
375,99.7328,2,3,2,0
376,99.7328,2,3,2,0
379,97.444,3,4,5,1
380,97.444,2,4,3,1
383,99.1538,3,4,3,0
386,98.8722,4,5,5,1
387,97.6238,1,5,1,0
387,99.151,3,1,2,1
388,97.4318,1,2,2,0
388,99.585,1,0,2,0
388,99.585,1,0,3,0
389,97.2891,1,3,1,1
389,97.2028,1,1,1,1
390,97.4881,5,3,5,0
391,97.6865,2,1,2,0
391,97.7281,1,4,2,0
391,97.7281,2,4,5,0
391,97.9086,3,2,5,0
392,97.2028,1,1,1,1
392,97.1739,4,5,1,1
392,97.9086,2,2,5,0
392,99.7786,1,1,5,0
395,97.3107,2,0,0,0
395,98.658,2,5,0,0
397,98.658,3,5,0,0
397,99.7786,2,1,0,0
398,98.4732,1,3,0,0
399,98.4732,1,3,2,0
399,98.4732,1,3,5,0
400,98.4732,2,3,4,0
400,99.7932,3,5,4,0
401,97.5571,3,1,1,1
401,97.1739,1,5,1,1
401,97.0577,1,4,1,1
401,97.0577,1,4,5,1
401,97.0502,3,5,5,1
403,99.7932,1,5,2,0
403,100.015,2,2,2,0
403,99.0692,1,0,3,1
404,97.0367,3,1,0,1
404,97.0131,1,1,0,1
404,98.8998,2,3,1,0
404,100.159,5,3,3,0
410,98.9395,1,2,1,0
411,98.8862,4,1,2,1
412,98.7192,1,1,5,1
412,97.5518,1,5,5,1
412,96.9926,2,5,5,1
414,98.9395,2,2,3,0
414,99.083,3,0,3,0
416,97.7481,3,4,4,1
416,97.6288,1,3,4,1
417,98.8752,1,3,3,0
418,97.6288,1,3,2,1
419,98.8752,2,3,5,0
419,99.083,1,0,5,0
419,99.5688,1,0,5,0
420,99.5688,1,0,0,0
420,100.085,2,1,0,0
420,100.287,2,3,0,0
420,100.287,1,3,4,0
420,100.351,1,5,4,0
420,100.351,2,5,5,0
420,100.667,1,2,5,0
421,100.667,3,2,1,0
421,100.797,2,0,1,0
421,101.074,2,4,3,0
421,101.106,2,3,3,0
422,97.6288,3,3,0,1
422,97.5924,1,4,0,1
422,97.5924,2,4,2,1
422,97.5924,2,4,4,1
423,99.3526,3,3,1,0
425,97.5807,3,3,4,1
426,97.3788,1,4,5,0
426,98.2203,2,2,5,0
428,98.2203,1,2,2,0
430,99.1811,2,0,3,0
431,97.8117,1,2,1,1
432,99.1811,1,0,2,0
432,99.3526,2,3,2,0
432,100.116,1,4,2,0
434,100.116,2,4,2,0
436,100.116,1,4,1,0
436,100.544,1,5,1,0
436,100.544,3,5,2,0
436,101.106,1,3,2,0
437,101.106,2,3,3,0
437,101.196,2,1,3,0
439,97.8519,4,2,2,1
440,97.8217,3,4,3,0
440,98.5066,1,1,3,0
441,97.8117,1,2,1,1
441,97.2373,1,2,1,1
441,96.9926,1,5,1,1
441,99.8159,2,4,3,0
443,99.6703,5,2,4,1
444,100.528,4,1,0,0
444,98.0625,1,2,4,0
445,98.0625,1,2,1,0
446,98.0625,2,2,2,0
446,99.1719,1,3,2,0
446,100.528,1,1,2,0
446,100.874,1,0,2,0
448,99.3308,2,0,0,1
448,96.9898,1,3,0,1
448,96.9679,1,2,0,1
448,96.9679,2,2,1,1
448,96.9351,2,4,1,1
449,99.3171,1,4,5,0
451,97.7733,5,2,1,0
451,96.9351,1,4,5,1
453,98.9918,2,2,3,1
455,97.6227,3,4,0,0
456,99.3171,3,4,2,0
456,99.3796,2,3,2,0
457,99.3796,2,3,5,0
457,100.651,2,2,5,0
459,100.874,1,0,1,0
459,100.881,1,5,1,0
459,100.997,2,3,1,0
459,101.196,1,1,4,0
459,101.443,1,2,4,0
461,101.443,1,2,5,0
463,101.101,1,1,2,1
463,99.1814,1,1,2,1
463,99.1814,4,1,3,1
466,101.443,2,2,0,0
466,101.574,1,2,0,0
466,101.598,1,3,0,0
466,100.256,2,3,3,1
466,98.8702,1,1,5,1
466,98.4199,2,4,5,1
467,98.8952,1,3,2,0
468,101.598,3,3,0,0
468,101.052,4,2,4,1
468,100.198,1,5,4,1
469,101.619,1,5,0,0
469,101.622,2,1,0,0
470,101.646,1,3,5,0
471,101.086,2,1,3,1
472,100.198,1,5,1,1
472,100.198,2,5,3,1
472,98.9922,1,1,4,1
472,98.8108,4,1,4,1
473,101.144,5,0,1,1
474,98.8108,1,1,5,1
474,97.9025,1,3,5,1
475,97.9025,2,3,0,1
475,101.685,1,1,1,0
475,101.738,2,0,1,0
475,101.781,1,0,1,0
476,101.781,2,0,2,0
476,101.937,2,0,2,0
477,99.7401,2,1,2,1
477,97.9025,1,3,2,1
477,96.9351,1,4,2,1
477,96.9275,1,3,2,1
479,97.864,1,4,0,0
479,97.864,1,4,2,0
480,96.894,2,5,5,1
480,96.891,1,5,5,1
482,97.864,2,4,0,0
482,97.864,1,4,1,0
482,97.9426,1,4,1,0
482,99.0761,1,5,3,0
482,99.5933,1,4,5,0
483,98.3598,1,0,1,0
484,98.2836,2,1,1,1
484,98.3598,1,0,4,0
484,99.5933,3,4,4,0
485,99.5933,1,4,1,0
485,99.7395,5,1,3,0
486,98.1755,4,3,2,1
486,97.4052,1,3,2,1
487,99.8006,4,0,2,1
487,99.1426,1,3,2,1
488,100.846,3,0,2,0
488,100.859,1,5,2,0
488,100.203,1,3,5,1
489,99.1426,2,3,1,1
489,98.326,3,3,4,1
490,98.3942,1,1,5,0
491,98.2581,2,1,2,0
492,98.2581,1,1,0,0
492,99.2721,2,1,0,0
492,99.2721,1,1,2,0
493,99.2721,1,1,0,0
493,99.9159,3,0,0,0
496,99.7334,1,5,1,1
496,98.2183,2,1,1,1
500,98.6354,2,4,3,0
502,97.4946,2,5,2,1
503,97.4052,1,3,5,1
504,97.8382,2,4,1,0
505,97.8382,1,4,1,0
505,98.6354,1,4,1,0
505,98.6354,1,4,3,0
505,98.6936,4,3,3,0
506,97.4052,1,3,0,1
506,98.6936,1,3,3,0
506,98.8101,1,2,3,0
507,98.8101,2,2,4,0
507,96.9342,3,1,5,1
508,100.063,1,0,2,0
509,96.9342,1,1,3,1
509,96.891,3,5,3,1
509,96.8763,1,1,3,1
510,97.3756,2,5,1,0
510,97.3756,1,5,3,0
511,96.8763,3,1,3,1
512,97.3756,1,5,4,0
512,97.7102,2,2,4,0
513,97.7102,2,2,3,0
513,98.6416,1,3,3,0
515,98.6416,2,3,0,0
517,99.3459,1,1,4,0
517,99.3459,4,1,5,0
519,99.255,1,2,0,1
519,97.7246,2,5,0,1
523,97.7882,2,2,0,0
523,98.3003,2,5,0,0
523,99.8971,1,4,0,0
523,99.8971,2,4,2,0
523,97.7246,3,5,4,1
525,96.8763,1,1,0,1
525,96.8755,1,0,0,1
525,97.6132,1,4,4,0
525,97.7953,1,4,4,0
525,97.7953,4,4,5,0
526,99.8971,1,4,0,0
526,99.9257,3,2,0,0
526,100.018,1,5,0,0
527,99.5045,2,4,4,0
527,100.018,1,5,4,0
529,100.018,1,5,5,0
530,99.5273,3,0,4,0
531,99.5273,1,0,4,0
531,100.018,1,5,4,0
531,100.063,1,0,4,0
531,100.148,1,4,4,0
531,100.148,1,4,5,0
531,100.184,2,1,5,0
532,100.184,3,1,0,0
532,99.1042,4,5,3,1
534,98.6259,1,5,2,1
536,98.5342,3,5,0,1
536,98.5218,1,2,0,1
538,100.458,1,0,1,0
538,100.611,3,5,1,0
538,100.611,2,5,2,0
538,100.677,1,1,2,0
539,98.5218,3,2,4,1
539,98.2426,2,2,4,1
539,100.677,1,1,5,0
540,100.112,4,0,2,1
540,100.112,1,0,5,1
540,97.653,3,0,5,1
541,97.5611,4,0,2,1
541,100.859,1,5,4,0
542,100.859,1,5,0,0
543,97.6574,1,3,0,1
543,97.6574,3,3,1,1
543,100.148,3,1,2,0
543,100.986,1,5,2,0
543,100.99,1,1,2,0
543,97.6574,1,3,4,1
545,99.9839,1,0,2,1
545,100.234,2,3,4,0
548,100.234,1,3,1,0
548,96.9799,1,5,5,1
548,96.8755,2,0,5,1
552,96.8755,1,0,0,1
552,96.8633,3,0,0,1
553,97.9717,3,2,1,0
554,97.1649,4,5,0,0
554,97.6628,1,0,1,1
554,96.8633,1,0,5,1
554,96.8629,1,3,5,1
555,97.0212,2,1,2,0
555,97.9717,1,2,2,0
556,98.7377,5,3,2,0
556,99.3071,1,2,4,0
556,100.234,2,3,4,0
556,100.99,2,1,5,0
556,101,2,4,5,0
558,98.7165,1,1,1,1
562,101.326,3,3,0,0
562,100.33,3,2,2,1
562,99.9322,3,5,3,1
563,99.7448,2,4,0,1
563,101.326,1,3,2,0
563,101.395,4,0,2,0
563,99.7448,1,4,5,1
563,99.4567,4,1,5,1
564,101.512,5,0,0,0
564,101.562,3,1,3,0
564,98.7165,4,1,4,1
564,98.6205,1,2,4,1
564,101.562,2,1,5,0
564,101.569,1,1,5,0
564,101.775,2,1,5,0
565,101.775,1,1,2,0
568,98.9126,1,3,0,0
569,98.6205,1,2,0,1
569,98.3044,1,0,2,0
569,98.0934,4,2,3,1
571,98.3044,2,0,0,0
571,98.3044,1,0,2,0
571,99.2799,3,4,2,0
571,99.6831,1,2,2,0
571,99.6831,3,2,4,0
571,101.775,1,1,4,0
571,101.846,1,3,4,0
575,99.0284,2,4,5,0
576,97.9674,2,5,0,1
577,98.3283,3,0,1,0
578,98.3283,2,0,1,0
578,99.0284,2,4,1,0
578,97.7317,1,3,2,1
579,97.7317,1,3,0,1
580,97.2122,3,0,0,1
581,97.0205,1,5,3,1
581,96.9385,1,1,3,1
581,99.2844,4,1,4,0
582,101.091,3,1,2,0
582,101.416,2,3,2,0
583,100.906,2,0,1,1
583,101.416,2,3,3,0
583,101.846,1,3,3,0
583,101.923,1,2,3,0
583,101.943,1,5,3,0
584,101.943,2,5,2,0
584,101.955,1,0,2,0
584,100.906,2,0,4,1
584,99.9359,2,0,4,1
585,98.3382,1,5,3,0
585,101.955,1,0,3,0
586,101.955,2,0,2,0
586,101.97,2,2,2,0
586,102.04,1,4,2,0
586,102.04,3,4,3,0
588,100.403,1,4,2,0
589,100.403,1,4,0,0
589,100.652,3,5,0,0
592,100.008,2,4,0,0
592,100.008,2,4,2,0
592,100.539,2,2,2,0
592,102.04,1,4,2,0
595,101.518,4,2,3,0
597,100.605,4,0,2,1
597,101.214,1,5,5,0
598,99.0183,1,3,5,1
599,101.518,1,2,0,0
599,101.732,2,0,0,0
599,102.162,2,5,0,0
599,99.0183,1,3,4,1
599,98.6383,2,4,5,0
601,100.187,2,5,4,0
601,102.162,1,5,4,0
602,102.162,1,5,1,0
605,100.785,2,5,0,0
605,102.162,1,5,0,0
605,102.19,2,3,0,0
605,102.19,2,3,5,0
605,102.195,1,4,5,0
607,100.025,1,0,4,0
607,100.204,1,3,4,0
609,99.6708,1,5,1,1
609,99.6158,1,1,1,1
610,100.145,2,0,4,0
611,98.3675,2,1,0,1
611,98.3675,3,1,1,1
611,97.8835,1,5,5,1
613,99.0407,1,4,0,1
613,99.0407,1,4,1,1
615,100.05,1,3,3,1
616,100.145,1,0,0,0
618,100.05,3,3,2,1
618,99.0407,2,4,2,1
618,100.145,2,0,3,0
618,100.204,1,3,3,0
618,100.204,1,3,4,0
618,100.289,2,3,4,0
619,98.5764,3,0,1,1
619,98.5764,1,0,4,1
621,98.0325,3,0,4,1
622,97.9661,2,4,1,0
622,100.553,3,0,1,0
623,98.6929,1,2,2,0
624,98.6929,1,2,1,0
625,100.145,1,1,1,1
628,100.646,2,5,0,1
628,97.6743,1,3,3,1
628,98.1449,1,4,5,0
628,99.5988,1,0,5,0
628,101.384,1,1,5,0
629,99.2309,1,1,2,0
629,99.2309,1,1,4,0
630,99.2309,2,1,5,0
630,99.288,1,1,5,0
631,100.62,1,1,4,1
631,97.6743,1,3,4,1
631,97.4412,3,4,4,1
632,97.4412,1,4,3,1
633,101.15,2,1,0,0
633,101.384,1,1,0,0
634,97.5106,4,2,3,0
635,97.4412,1,4,0,1
635,97.3096,1,4,0,1
636,97.276,1,1,1,1
636,97.5106,1,2,3,0
636,98.6077,1,3,3,0
636,100.021,1,0,3,0
637,99.594,2,3,5,0
638,99.594,1,3,2,0
642,98.7311,1,0,0,0
642,99.594,1,3,0,0
642,97.9218,1,0,1,1
642,97.6118,1,3,3,1
643,98.2022,2,2,5,0
645,98.1583,2,2,0,1
647,98.1583,2,2,1,1
647,98.2022,3,2,2,0
647,99.04,1,1,3,0
647,99.1394,1,4,3,0
647,99.594,1,3,3,0
647,100.021,1,0,3,0
647,98.1583,1,2,5,1
648,97.6118,4,3,0,1
648,97.4253,1,0,2,0
648,99.8269,3,3,5,0
649,100.105,2,4,3,0
649,100.465,3,1,3,0
650,100.465,1,1,3,0
650,101.121,2,5,3,0
650,101.384,2,1,3,0
651,99.3409,2,4,3,1
653,99.3409,3,4,5,1
654,97.344,3,4,2,1
654,97.276,1,1,2,1
654,96.9385,1,1,2,1
654,97.4418,2,5,3,0
654,100.172,2,3,3,0
654,101.056,1,4,3,0
654,98.4562,1,4,5,0
655,100.045,1,5,4,1
657,100.045,1,5,1,1
657,101.11,2,2,2,0
657,101.384,1,1,5,0
657,101.627,4,2,5,0
658,98.3255,1,4,1,1
658,96.9385,3,1,1,1
658,96.8629,1,3,1,1
660,98.6501,1,2,0,0
661,98.421,4,0,0,1
661,98.6501,1,2,1,0
661,101.335,1,1,5,1
662,101.894,3,1,3,0
664,101.853,1,4,5,0
664,101.899,1,5,5,0
668,101.947,5,0,5,0
670,101.387,2,3,0,1
671,102.195,3,4,5,0
672,101.387,1,3,5,1
672,100.348,1,1,5,1
672,100.132,1,0,5,1
674,100.132,3,0,0,1
674,99.1986,1,0,0,1
675,99.1986,3,0,2,1
675,99.1378,1,0,2,1
675,98.7129,1,0,4,1
675,98.421,1,0,4,1
675,97.5806,1,0,4,1
675,97.2604,1,4,4,1
677,100.06,2,1,2,0
677,100.06,3,1,3,0
677,100.121,1,2,3,0
679,97.3563,1,4,2,0
679,100.434,3,0,2,0
681,97.2604,1,4,2,1
681,97.1616,3,2,2,1
683,99.2243,5,4,5,0
684,100.434,1,0,2,0
684,100.434,1,0,5,0
684,100.754,2,5,5,0
684,102.121,2,4,5,0
685,102.195,1,4,3,0
685,102.204,1,3,3,0
685,102.204,1,3,4,0
685,102.242,3,2,4,0
685,102.255,1,5,4,0
686,101.914,2,5,4,1
687,102.255,2,5,0,0
687,101.914,2,5,4,1
688,102.267,1,3,2,0
689,99.4448,2,0,4,0
691,99.4448,1,0,1,0
691,99.6022,1,4,3,0
692,101.66,1,2,3,0
693,100.855,1,2,3,1
695,97.9367,4,2,5,1
696,97.9367,1,2,0,1
696,97.8645,4,0,2,0
696,98.2464,1,1,2,0
696,100.054,2,3,3,0
697,99.3646,2,2,3,0
698,98.5528,4,4,4,0
699,99.3646,3,2,2,0
699,99.5564,1,1,2,0
700,99.5564,1,1,2,0
701,98.6362,2,5,5,1
702,99.9513,2,2,4,1
703,99.9513,3,2,2,1
703,97.5384,1,1,2,1
703,97.1646,1,1,2,1
709,98.078,1,5,3,1
709,99.4324,1,3,4,0
711,98.676,1,1,1,0
711,99.5453,2,3,1,0
711,99.7473,1,2,1,0
711,98.078,2,5,4,1
712,99.3198,3,5,2,1
713,99.5194,1,1,0,0
713,99.5194,2,1,3,0
715,99.5194,1,1,1,0
715,99.7473,2,2,1,0
715,99.3198,2,5,2,1
715,98.1654,1,0,2,1
715,97.4349,1,4,2,1
715,99.7473,1,2,3,0
715,100.054,2,3,3,0
716,97.4349,2,4,3,1
717,100.054,1,3,2,0
717,100.548,2,4,2,0
717,97.1646,2,1,4,1
721,99.7201,1,3,1,0
721,100.548,1,4,1,0
723,100.698,2,0,0,0
723,100.99,1,2,0,0
724,100.99,2,2,0,0
725,98.0922,3,4,0,1
725,97.9613,1,0,0,1
725,97.9613,2,0,1,1
725,97.9613,1,0,5,1
726,97.9613,1,0,3,1
727,97.6504,4,2,4,1
729,98.2127,2,1,1,0
729,98.5959,2,3,1,0
730,98.5959,1,3,1,0
730,98.6083,2,2,1,0
730,98.6083,1,2,4,0
731,98.6083,2,2,1,0
731,100.392,2,4,1,0
732,97.6504,1,2,4,1
732,97.1646,2,1,4,1
732,97.0127,1,0,4,1
734,100.266,5,0,3,0
734,100.392,2,4,5,0
736,100.928,1,4,2,0
737,100.928,2,4,4,0
737,100.99,1,2,4,0
737,101.186,1,2,4,0
739,100.696,1,3,0,0
739,101.289,3,3,0,0
739,100.588,2,1,3,1
740,100.794,1,5,5,0
741,100.588,3,1,0,1
741,100.514,2,1,0,1
741,100.794,1,5,4,0
742,100.514,3,1,5,1
743,100.581,2,2,3,1
743,100.148,1,0,3,1
743,99.6032,1,5,3,1
744,100.794,3,5,5,0
744,101.116,1,5,5,0
745,100.751,2,0,2,1
745,99.6032,2,5,2,1
745,99.5979,1,4,2,1
745,99.1928,2,2,3,1
746,101.116,1,5,2,0
746,101.116,1,5,4,0
747,101.116,2,5,1,0
747,101.289,1,3,1,0
749,101.442,2,0,1,0
749,101.517,1,4,1,0
751,101.322,1,1,2,0
752,99.3319,2,4,0,1
752,101.043,2,5,2,0
752,99.3319,1,4,3,1
752,99.1928,1,2,3,1
753,99.1928,1,2,2,1
753,98.8324,3,2,2,1
753,98.8324,1,2,3,1
753,98.0357,3,2,3,1
755,98.6657,1,5,0,0
755,98.6657,1,5,4,0
755,101.043,1,5,4,0
756,101.043,1,5,5,0
756,101.322,3,1,5,0
757,101.322,1,1,5,0
757,101.608,1,4,5,0
758,100.654,1,2,4,1
759,101.44,3,1,4,1
761,101.497,2,0,3,0
762,101.44,1,1,0,1
762,100.573,3,1,0,1
763,100.573,1,1,3,1
763,100.265,3,4,3,1
764,100.265,1,4,0,1
764,99.2838,3,0,2,0
764,99.1415,5,1,4,1
767,99.0477,4,0,4,1
767,101.497,2,0,5,0
767,101.548,1,2,5,0
767,101.608,1,4,5,0
769,101.608,2,4,3,0
769,101.619,3,1,3,0
770,99.8452,1,4,3,1
772,99.22,2,3,0,0
772,101.619,2,1,0,0
772,99.0477,1,0,3,1
772,99.044,2,3,3,1
773,100.792,2,5,2,1
777,101.645,1,4,0,1
777,101.66,1,2,1,0
777,101.672,2,0,1,0
777,101.673,5,5,4,0
779,101.786,1,4,0,0
780,101.604,2,5,4,1
780,100.792,1,5,4,1
780,100.792,2,5,5,1
780,100.378,3,3,5,1
781,101.786,2,4,2,0
781,100.378,1,3,5,1
781,99.9658,1,0,5,1
781,99.5686,2,0,5,1
782,100.682,3,1,5,0
783,101.526,2,5,3,1
783,99.2814,1,3,5,1
783,98.161,2,4,5,1
787,99.5733,2,3,3,1
787,97.9231,1,1,3,1
787,97.8714,2,0,3,1
788,100.311,1,3,0,0
788,101.681,3,3,0,0
788,101.077,2,2,4,0
788,101.786,1,4,4,0
789,99.0401,1,2,3,1
790,99.0401,3,2,0,1
790,97.8714,1,0,4,1
791,97.8714,1,0,1,1
791,97.8673,4,0,1,1
792,98.8929,1,0,3,0
792,101.516,1,3,3,0
794,101.516,1,3,2,0
794,101.786,1,4,2,0
794,101.87,1,3,2,0
795,97.8673,1,0,0,1
795,97.7338,1,0,0,1
795,97.6551,1,1,0,1
796,101.059,1,1,3,1
797,98.1342,1,3,0,0
799,100.981,3,3,4,1
804,97.6551,3,1,1,1
804,97.3168,1,3,1,1
804,98.0053,4,4,3,0
807,98.0053,1,4,5,0
807,99.0605,3,1,5,0
808,99.0605,2,1,2,0
808,99.1163,1,0,2,0
809,99.3789,3,5,2,0
809,99.3789,2,5,3,0
810,99.5914,2,5,0,0
811,97.2891,1,0,0,1
812,98.1037,1,2,0,0
812,99.5914,1,5,3,0
812,99.7788,2,1,3,0
812,99.792,1,4,3,0
813,99.1164,4,4,2,1
813,98.4661,1,0,2,1
813,98.4661,1,0,3,1
814,100.197,2,2,3,0
817,99.2083,2,5,1,1
818,99.2083,2,5,0,1
819,99.4274,2,5,1,0
822,98.4661,2,0,1,1
822,97.8559,3,1,4,0
822,99.4274,1,5,4,0
824,99.4274,1,5,1,0
824,100.197,1,2,1,0
824,100.41,3,0,1,0
825,98.6601,1,5,0,1
825,97.6096,2,2,0,1
825,100.41,1,0,1,0
825,100.71,1,3,4,0
825,100.928,1,2,4,0
825,101.093,1,5,4,0
829,100.411,2,1,2,1
832,101.083,4,3,4,0
832,101.093,1,5,4,0
834,101.093,3,5,1,0
834,101.87,1,3,1,0
834,100.748,1,2,2,1
834,100.748,4,2,3,1
834,99.7806,1,3,3,1
836,101.87,3,3,0,0
836,101.881,2,4,0,0
837,101.881,2,4,5,0
837,101.942,3,3,5,0
838,99.7806,1,3,1,1
840,100.238,3,5,2,0
840,101.571,1,2,3,1
840,98.4442,3,2,3,1
841,101.942,2,3,5,0
841,101.944,1,0,5,0
842,100.037,3,3,3,1
842,99.8022,2,2,3,1
843,99.8022,2,2,5,1
845,99.8022,1,2,2,1
845,99.785,1,3,2,1
847,99.785,3,3,3,1
847,99.6161,1,5,3,1
850,101.774,2,5,1,1
850,101.676,1,0,1,1
850,99.6161,2,5,1,1
850,101.952,1,2,2,0
850,99.6161,1,5,5,1
850,99.2228,4,0,5,1
851,101.952,2,2,0,0
851,99.2228,1,0,1,1
851,99.0289,1,3,1,1
851,98.4442,1,2,1,1
851,98.3909,2,0,2,1
851,98.1376,4,2,5,1
851,98.0623,1,3,5,1
853,101.723,3,4,1,1
853,101.723,1,4,3,1
853,99.9476,3,0,3,1
853,101.952,2,2,4,0
853,101.974,1,5,4,0
854,101.974,1,5,3,0
854,102.001,1,4,3,0
854,99.9476,1,0,5,1
855,98.0623,1,3,3,1
856,98.8098,3,5,0,0
856,98.9713,1,5,0,0
856,100.154,1,0,4,1
857,100.603,4,3,5,0
859,98.8289,1,4,0,0
859,98.8289,1,4,2,0
861,100.079,1,3,3,1
862,100.079,2,3,1,1
865,101.237,1,4,0,0
865,101.322,3,3,0,0
865,101.35,1,2,0,0
865,100.7,1,0,4,1
867,101.35,3,2,0,0
867,101.35,1,2,1,0
867,101.472,1,5,1,0
868,101.237,2,3,5,0
870,101.118,2,2,0,1
870,100.7,3,0,0,1
870,101.472,2,5,5,0
871,100.7,1,0,4,1
871,100.134,2,4,4,1
873,101.472,2,5,0,0
873,101.642,3,5,0,0
874,101.642,1,5,2,0
874,102.001,2,4,2,0
875,100.85,2,4,2,1
875,100.963,1,1,3,0
880,100.963,3,1,4,0
880,101.797,1,4,4,0
881,101.797,1,4,3,0
881,102.001,1,4,3,0
882,100.85,3,4,2,1
882,100.691,2,3,2,1
882,100.691,2,3,5,1
883,100.691,1,3,2,1
885,101.562,1,0,1,0
885,100.134,2,4,2,1
886,101.562,2,0,2,0
886,100.134,1,4,5,1
887,101.055,1,3,2,0
887,100.124,4,0,3,1
887,100.079,1,3,3,1
887,101.055,2,3,4,0
888,101.967,2,4,5,1
889,101.967,1,4,0,1
889,101.329,2,0,4,0
889,99.5072,1,2,5,1
890,102.006,3,0,4,0
891,101.505,3,2,0,1
891,99.5072,1,2,0,1
893,101.728,1,4,2,1
893,99.3184,2,0,2,1
894,101.521,4,0,4,0
895,99.434,1,3,3,1
897,101.278,5,0,1,0
897,102.006,1,0,2,0
897,102.029,1,1,2,0
898,100.084,3,3,0,1
898,100.084,2,3,2,1
898,99.3184,1,0,2,1
898,99.2891,1,5,2,1
898,102.029,2,1,5,0
898,102.07,1,2,5,0
898,102.267,1,3,5,0
899,99.2891,3,5,0,1
900,99.3734,2,5,3,0
900,101.394,1,3,5,1
900,99.2891,1,5,5,1
900,99.2659,2,0,5,1
900,98.6905,1,4,5,1
902,98.6905,2,4,1,1
902,98.5969,3,3,1,1
902,98.5969,1,3,2,1
907,98.5479,5,5,1,1
909,98.8031,1,2,4,0
909,99.4682,3,4,4,0
909,99.4682,1,4,5,0
909,99.7016,1,3,5,0
909,101.752,1,2,5,0
910,102.191,1,5,4,1
911,99.6296,3,5,4,1
913,99.6183,1,4,4,0
916,98.8354,1,2,1,1
916,98.6541,2,1,1,1
916,98.5125,2,5,1,1
916,98.3454,3,1,2,1
917,99.6183,1,4,2,0
918,99.3018,2,0,4,0
918,99.9415,1,2,4,0
918,100.337,1,1,4,0
919,100.337,1,1,3,0
919,100.376,2,4,3,0
919,100.376,1,4,5,0
919,100.438,3,4,5,0
920,100.438,1,4,0,0
920,100.614,1,4,0,0
920,99.0255,2,2,2,1
921,99.0255,2,2,1,1
921,98.3454,1,1,1,1
921,98.137,2,0,1,1
921,100.614,1,4,4,0
921,102.069,1,1,4,0
922,98.137,1,0,2,1
924,98.751,4,1,0,0
924,102.069,1,1,4,0
924,102.311,1,2,4,0
924,102.326,2,3,4,0
926,98.584,2,4,5,1
927,98.1269,2,0,0,1
927,97.974,1,1,2,1
931,98.3253,2,5,4,0
933,100.079,3,0,1,0
933,100.079,1,0,2,0
933,101.016,3,3,2,0
934,101.016,1,3,1,0
934,101.764,1,5,1,0
935,101.764,1,5,2,0
935,101.962,1,3,2,0
935,99.1313,1,0,5,1
936,99.1313,2,0,3,1
937,98.5123,1,5,0,1
937,98.2694,2,0,3,0
939,98.1709,1,1,0,1
939,98.2694,2,0,4,0
939,98.2746,1,5,4,0
941,98.2746,2,5,2,0
941,99.0133,1,3,2,0
941,99.0133,2,3,3,0
941,101.18,2,1,3,0
941,101.18,2,1,4,0
942,101.18,1,1,3,0
944,98.8868,1,4,2,0
945,98.8868,1,4,2,0
945,101.029,3,1,2,0
946,101.029,2,1,2,0
947,101.681,1,3,3,0
947,101.723,1,0,3,0
947,101.798,2,4,3,0
951,100.635,3,2,5,1
952,98.8835,1,4,4,1
953,98.6422,2,3,0,1
953,98.1709,2,1,0,1
954,98.8051,1,4,4,0
954,100.09,1,5,4,0
956,100.09,1,5,4,0
956,101.798,1,4,4,0
956,101.962,2,3,4,0
956,102.027,1,4,4,0
957,98.1709,2,1,1,1
957,98.0137,1,3,1,1
957,97.974,1,1,1,1
958,100.055,1,3,0,1
958,99.6262,2,2,0,1
958,102.027,1,4,3,0
958,102.182,3,0,3,0
958,99.6262,1,2,5,1
960,102.182,2,0,2,0
960,102.326,1,3,2,0
960,99.6262,2,2,5,1
960,99.389,2,5,5,1
961,101.725,1,2,5,1
961,99.389,2,5,5,1
962,98.9337,2,3,5,1
963,99.2325,2,5,3,0
964,99.9096,1,0,0,0
966,101.369,1,1,4,0
966,101.581,1,2,4,0
967,100.968,1,2,2,1
967,100.163,3,3,4,1
967,98.9337,1,3,5,1
967,98.4365,2,2,5,1
969,100.321,2,0,2,1
969,98.4365,2,2,2,1
974,99.803,3,0,4,0
976,99.0151,1,2,0,1
976,102.412,1,3,3,0
976,102.437,2,4,3,0
977,100.579,1,4,3,1
978,100.579,2,4,1,1
978,99.0151,1,2,1,1
978,99.0151,1,2,4,1
979,101.453,4,3,0,0
980,102.437,2,4,1,0
983,102.437,1,4,0,0
983,102.447,2,5,0,0
983,100.211,1,1,4,1
984,100.211,1,1,3,1
984,100.062,2,3,3,1
984,99.4608,1,4,3,1
985,99.4608,2,4,0,1
986,101.981,5,0,3,0
986,100.44,2,1,4,1
989,101.957,1,5,2,1
989,100.44,1,1,2,1
989,100.44,1,1,3,1
990,99.4608,1,4,0,1
990,99.6535,1,3,2,0
990,102.447,2,5,2,0
991,99.4717,2,4,1,0
991,102.447,1,5,4,0
991,102.458,4,4,4,0
995,100.814,1,1,3,1
996,101.182,4,2,5,0
998,101.562,1,5,5,1
998,100.403,1,2,5,1
998,99.4608,1,4,5,1
998,99.0151,1,2,5,1
998,98.5911,1,0,5,1
1001,98.5911,2,0,0,1
1001,98.3475,4,1,1,1
1001,100.973,3,3,3,0
1004,99.6204,1,2,1,0
1005,99.6204,1,2,3,0
1005,99.6204,2,2,4,0
1005,100.091,1,1,4,0
1006,100.091,2,1,3,0
1009,100.091,2,1,0,0
1009,98.9447,1,2,5,1
1010,100.159,2,3,1,0
1010,100.317,1,4,3,0
1011,102.38,1,4,1,0
1011,102.38,4,4,2,0
1011,102.467,1,2,2,0
1013,102.467,2,2,4,0
1013,102.494,1,4,4,0
1014,101.562,1,2,3,1
1014,102.494,1,4,5,0
1015,101.562,4,2,1,1
1015,101.299,1,0,1,1
1016,101.299,4,0,1,1
1016,100.986,3,2,2,1
1016,100.986,1,2,3,1
1018,100.753,1,3,1,1
1018,100.484,2,5,1,1
1018,100.484,1,5,3,1
1018,100.113,2,0,3,1
1019,101.604,2,3,0,0
1019,101.604,1,3,3,0
1020,100.113,1,0,1,1
1021,100.912,4,3,2,1
1021,100.912,1,3,3,1
1022,100.113,1,0,0,1
1023,102.494,2,4,2,0
1023,102.532,3,0,2,0
1023,99.7595,4,3,4,1
1024,99.7595,1,3,0,1
1024,99.5343,3,2,0,1
1024,99.1254,1,2,0,1
1024,102.217,2,1,4,0
1025,102.417,4,5,3,1
1025,102.542,1,2,4,0
1026,99.936,3,2,4,1
1027,102.542,1,2,0,0
1029,100.682,2,0,0,1
1030,100.682,1,0,3,1
1031,99.0491,1,4,2,1
1033,99.0491,2,4,0,1
1033,99.1168,1,3,2,0
1033,101.832,3,1,4,0
1033,102.134,1,0,4,0
1035,101.01,1,1,1,0
1035,99.0491,1,4,5,1
1037,98.891,1,2,1,1
1037,101.01,1,1,4,0
1040,98.891,1,2,3,1
1041,100.337,1,3,1,0
1041,98.891,3,2,5,1
1041,98.7122,1,0,5,1
1042,98.7122,2,0,4,1
1045,100.08,2,4,0,0
1045,98.6381,4,4,3,1
1046,98.6381,1,4,4,1
1046,98.4401,1,0,4,1
1046,98.2664,2,2,4,1
1048,100.08,1,4,0,0
1048,100.137,1,3,0,0
1048,98.2664,1,2,2,1
1048,98.2627,3,3,2,1
1048,100.137,3,3,4,0
1048,100.337,1,3,4,0
1048,100.727,1,1,4,0
1049,98.5458,2,5,2,0
1049,100.75,2,0,2,0
1049,100.854,2,0,4,0
1050,98.2627,1,3,5,1
1050,98.179,1,1,5,1
1052,98.179,1,1,1,1
1053,99.4988,1,0,3,0
1055,99.4988,4,0,0,0
1055,100.455,1,3,0,0
1055,100.455,1,3,1,0
1056,100.455,1,3,0,0
1056,101.01,2,1,0,0
1056,101.029,1,4,0,0
1057,98.179,1,1,1,1
1057,98.1034,1,2,1,1
1058,98.4783,2,2,3,1
1058,98.1034,1,2,3,1
1061,98.1034,3,2,2,1
1061,98.0795,1,2,2,1
1061,98.0606,1,2,2,1
1061,99.1277,2,5,4,0
1062,100.521,2,5,1,0
1063,99.4919,2,5,3,1
1066,98.8051,1,2,0,0
1066,98.8051,1,2,2,0
1068,98.5345,3,4,3,1
1069,98.5034,1,5,0,0
1069,98.8051,2,2,0,0
1070,99.33,2,4,4,1
1070,99.33,1,4,5,1
1071,99.2392,2,5,0,0
1071,100.395,2,0,0,0
1071,100.521,1,5,0,0
1071,100.567,1,3,4,0
1071,100.614,2,0,4,0
1072,100.834,4,1,0,0
1072,100.856,1,5,0,0
1072,100.646,2,4,4,1
1073,98.3691,1,3,0,1
1073,98.3351,1,3,0,1
1073,98.1495,1,3,1,1
1075,100.263,2,4,2,0
1075,100.856,3,5,2,0
1075,101.029,4,4,5,0
1075,101.263,1,1,5,0
1077,98.1495,2,3,3,1
1077,98.0606,1,2,3,1
1078,98.0606,2,2,2,1
1078,97.9569,1,2,2,1
1078,97.8493,1,1,5,1
1079,97.8493,1,1,2,1
1079,97.8322,3,3,2,1
1079,97.8283,1,5,2,1
1081,98.791,3,3,4,0
1083,98.5601,3,0,5,0
1083,98.791,2,3,5,0
1084,99.8621,2,5,3,0
1085,99.8621,2,5,1,0
1086,98.2629,1,4,3,1
1086,98.2629,3,4,4,1
1088,100.205,4,1,4,0
1090,98.739,3,2,0,1
1090,98.739,1,2,3,1
1090,98.2629,1,4,3,1
1092,98.2603,1,3,2,0
1092,98.4175,4,4,2,0
1094,99.0649,2,2,4,1
1096,99.3044,3,1,1,1
1096,98.452,1,5,1,1
1096,98.452,1,5,3,1
1100,98.2021,4,1,1,1
1101,98.113,3,5,3,1
1102,97.9353,1,1,3,0
1102,99.7219,3,0,3,0
1102,99.7219,1,0,4,0
1102,100.205,1,1,4,0
1102,101.016,3,4,4,0
1104,97.9641,2,4,1,1
1104,97.8283,1,5,1,1
1104,101.081,1,3,3,0
1104,101.328,1,0,3,0
1104,101.428,2,4,3,0
1108,99.1879,4,0,2,1
1109,98.4453,1,2,5,0
1109,100.281,3,0,5,0
1109,101.444,1,0,5,0
1113,100.152,5,1,5,0
1115,100.485,1,4,4,0
1116,100.779,2,1,0,0
1116,101.444,3,0,0,0
1116,101.444,1,0,3,0
1116,101.455,2,1,3,0
1119,101.63,1,2,0,0
1119,101.884,4,4,0,0
1120,97.8283,1,5,3,1
1121,97.8283,2,5,1,1
1121,100.285,1,2,5,0
1122,100.285,2,2,3,0
1122,101.998,3,3,3,0
1123,98.2186,1,3,3,1
1125,100.429,2,5,3,1
1125,100.429,3,5,5,1
1127,98.2186,4,3,2,1
1127,97.7953,1,0,2,1
1127,101.998,2,3,4,0
1127,102.009,1,2,4,0
1129,102.009,2,2,2,0
1129,101.623,1,2,4,1
1129,101.423,2,0,4,1
1130,101.423,1,0,2,1
1130,102.009,1,2,4,0
1130,101.423,2,0,5,1
1131,101.136,2,5,0,0
1131,99.6724,4,1,5,1
1132,101.136,1,5,0,0
1132,102.009,1,2,0,0
1132,99.6724,1,1,5,1
1132,97.7953,2,0,5,1
1136,98.1218,1,1,3,0
1136,99.2277,1,4,3,0
1136,99.2277,1,4,5,0
1137,100.512,3,5,0,1
1138,99.0102,2,5,5,1
1138,97.7953,2,0,5,1
1140,100.777,5,0,4,0
1142,101.989,2,2,5,0
1142,102.047,1,3,5,0
1142,102.067,1,5,5,0
1143,101.413,4,1,2,1
1143,100.817,1,0,2,1
1143,100.817,4,0,5,1
1144,100.749,1,1,2,1
1144,102.075,1,2,4,0
1144,102.181,3,1,4,0
1144,102.181,1,1,5,0
1144,102.215,1,2,5,0
1145,100.749,3,1,2,1
1145,100.749,1,1,4,1
1145,100.071,1,2,4,1
1145,98.317,3,3,4,1
1145,97.7923,2,0,5,1
1145,97.7625,2,0,5,1
1146,100.541,3,3,4,0
1147,100.541,1,3,0,0
1147,100.715,1,2,0,0
1147,97.8243,3,1,2,0
1147,99.7874,1,2,4,1
1148,98.6036,2,4,1,0
1148,98.6036,1,4,2,0
1148,102.215,1,2,2,0
1148,102.228,2,1,2,0
1149,102.239,1,3,1,0
1152,97.7526,3,3,4,1
1153,100.344,3,0,2,0
1153,101.709,1,4,2,0
1154,98.4326,3,4,5,0
1155,100.479,2,0,2,0
1155,101.709,1,4,2,0
1156,101.709,1,4,0,0
1156,102.123,2,1,0,0
1156,102.123,1,1,3,0
1156,102.239,2,3,3,0
1156,102.318,1,4,3,0
1156,101.55,2,5,5,1
1157,102.318,3,4,3,0
1157,101.55,1,5,5,1
1158,100.617,1,4,4,1
1158,99.3008,1,4,5,0
1159,98.4702,1,5,2,1
1159,98.4277,3,0,2,1
1160,98.4277,1,0,3,1
1163,98.9023,2,0,3,1
1163,98.4277,1,0,3,1
1163,97.8422,1,3,3,1
1164,97.8422,1,3,4,1
1164,99.3008,3,4,5,0
1164,99.5055,1,5,5,0
1165,97.8422,1,3,2,1
1166,97.7377,2,1,3,1
1167,97.7377,3,1,0,1
1167,97.7328,1,4,0,1
1168,97.8,4,4,3,0
1168,99.5055,1,5,3,0
1170,98.0817,4,5,1,0
1171,101.138,2,0,5,1
1172,101.138,3,0,0,1
1172,100.327,2,3,0,1
1172,101.333,1,4,4,0
1173,101.424,1,2,4,0
1173,101.752,1,1,4,0
1173,102.036,2,2,4,0
1173,102.377,1,5,4,0
1174,102.411,2,4,4,0
1175,102.411,1,4,0,0
1175,102.428,1,3,0,0
1175,102.428,3,3,5,0
1176,102.125,2,0,4,0
1179,101.697,4,3,5,1
1180,100.381,2,1,3,1
1182,100.381,1,1,1,1
1183,100.327,1,3,1,1
1183,100.094,3,1,1,1
1183,99.8236,1,3,1,1
1183,99.8236,3,3,5,1
1184,100.426,2,1,4,0
1185,100.426,3,1,1,0
1185,100.465,1,0,1,0
1185,100.465,1,0,5,0
1186,100.627,2,3,4,0
1186,99.547,1,3,5,1
1188,99.2746,4,0,3,1
1189,100.627,3,3,3,0
1189,101.085,1,5,3,0
1192,98.7724,1,1,3,1
1194,98.7724,1,1,1,1
1194,100.51,4,4,2,0
1195,98.7724,1,1,4,1
1196,101.223,3,5,3,0
1197,102.125,2,0,0,0
1197,102.493,1,1,0,0
1198,99.713,4,0,1,1
1198,102.493,2,1,2,0
1200,102.493,2,1,3,0
1200,102.495,1,4,3,0
1201,102.242,1,3,5,1
1202,102.396,2,2,3,1
1203,102.396,3,2,1,1
1203,102.242,1,3,1,1
1203,100.76,1,4,1,1
1204,101.116,4,2,3,0
1205,100.76,3,4,4,1
1205,100.76,1,4,5,1
1205,100.686,2,0,5,1
1205,99.713,1,0,5,1
1205,99.6176,1,2,5,1
1206,100.826,2,2,5,0
1207,101.094,1,5,2,1
1209,102.495,1,4,1,0
1209,101.094,1,5,2,1
1213,100.893,1,5,0,1
1213,100.893,3,5,4,1
1215,100.739,1,4,5,1
1217,100.739,3,4,0,1
1217,101.092,3,0,4,0
1218,100.509,1,5,3,1
1218,99.7164,2,0,3,1
1218,99.6176,1,2,3,1
1221,101.092,2,0,3,0
1221,101.261,2,5,3,0
1222,100.485,5,0,0,1
1222,101.261,1,5,1,0
1223,101.261,2,5,1,0
1223,101.866,1,2,1,0
1223,99.8376,3,2,3,1
1223,99.5854,2,5,3,1
1223,99.5854,3,5,5,1
1223,99.2649,1,1,5,1
1224,99.2649,1,1,1,1
1224,98.9843,2,0,4,1
1224,98.7724,1,1,4,1
1224,98.6806,3,5,5,1
1224,98.4587,1,2,5,1
1226,99.8062,4,2,3,0
1226,101.866,1,2,3,0
1226,101.866,1,2,5,0
1226,101.905,3,3,5,0
1227,98.4587,4,2,1,1
1227,98.4495,1,3,1,1
1228,101.905,2,3,1,0
1228,102.022,3,5,1,0
1228,98.4495,4,3,4,1
1235,98.5476,2,2,0,0
1235,98.5476,2,2,1,0
1235,98.5476,1,2,3,0
1236,98.8036,1,3,5,1
1237,98.8152,5,0,1,0
1238,98.4365,2,3,3,1
1239,99.129,3,0,0,0
1240,99.129,2,0,2,0
1241,99.4657,1,5,1,0
1242,98.4365,1,3,0,1
1242,99.4657,1,5,2,0
1242,99.6511,4,4,2,0
1242,98.4365,2,3,4,1
1242,98.2611,1,2,4,1
1242,98.2029,2,2,4,1
1244,99.8373,2,2,2,0
1245,99.8373,1,2,0,0
1246,100.193,1,1,1,0
1246,100.683,1,2,1,0
1248,101.804,2,3,4,0
1248,100.008,2,0,5,1
1251,99.0291,1,0,1,1
1251,101.804,1,3,5,0
1252,101.946,2,0,5,0
1252,102.022,1,5,5,0
1254,100.215,4,3,3,0
1255,100.427,1,3,3,1
1255,100.208,3,1,3,1
1259,100.52,2,4,3,1
1259,100.208,2,1,3,1
1260,100.099,1,3,0,0
1260,102.022,1,5,0,0
1260,99.6212,4,1,1,1
1260,98.9671,1,5,1,1
1260,98.9671,1,5,4,1
1262,98.3392,3,4,1,0
1262,99.0124,1,5,1,0
1263,98.2029,2,2,1,1
1263,98.165,2,3,1,1
1263,99.0124,2,5,4,0
1265,98.165,1,3,3,1
1265,98.054,2,3,3,1
1265,102.331,1,0,4,0
1265,102.416,2,1,4,0
1265,102.495,1,4,4,0
1265,102.553,1,2,4,0
1265,98.054,2,3,5,1
1265,98.0294,1,3,5,1
1267,101.37,2,3,4,1
1269,100.126,2,3,1,0
1269,102.56,2,4,1,0
1270,98.4398,3,1,0,1
1270,98.1342,1,0,0,1
1270,102.564,2,5,4,0
1273,99.9686,1,4,3,0
1273,102.491,1,3,4,1
1274,99.5089,2,1,4,1
1277,100.183,1,0,1,0
1277,102.564,1,5,1,0
1277,102.566,3,3,1,0
1279,99.5089,3,1,3,1
1279,98.7787,1,4,3,1
1281,99.3319,1,0,4,1
1285,100.42,2,1,5,1
1287,100.681,1,1,2,0
1287,101.175,2,5,2,0
1287,101.935,1,2,4,1
1287,98.7787,2,4,5,1
1287,98.1342,2,0,5,1
1288,97.7328,1,4,3,1
1289,100.064,1,4,2,0
1290,100.027,4,1,0,1
1290,97.7328,1,4,0,1
1290,100.064,2,4,1,0
1291,101.943,3,1,0,1
1291,101.008,1,4,0,1
1291,97.8717,1,3,0,1
1291,97.8717,1,3,1,1
1292,100.171,1,4,4,1
1296,101.763,2,2,2,1
1296,101.763,1,2,4,1
1297,100.467,1,1,2,1
1297,100.171,1,4,2,1
1299,100.171,1,4,4,1
1299,99.9455,3,2,4,1
1299,101.827,2,2,5,0
1299,102.281,3,5,5,0
1300,99.9455,1,2,0,1
1300,99.7082,1,5,2,1
1300,99.4285,2,0,2,1
1300,100.579,3,4,5,1
1300,99.4285,1,0,5,1
1301,99.4285,1,0,4,1
1301,99.0051,3,0,4,1
1303,97.8717,1,3,0,1
1305,99.2149,2,1,1,1
1306,99.2149,2,1,4,1
1306,98.1886,3,2,4,1
1306,100.487,1,1,5,0
1307,100.771,3,5,5,1
1309,98.4872,1,2,3,1
1310,101.621,3,4,5,0
1311,100.813,3,5,0,1
1311,101.621,2,4,2,0
1311,102.117,3,2,2,0
1313,100.813,1,5,1,1
1314,100.813,1,5,3,1
1315,102.117,2,2,4,0
1315,102.16,3,0,4,0
1317,102.16,2,0,1,0
1319,101.286,1,4,3,1
1321,101.936,1,4,1,0
1321,102.281,1,5,1,0
1321,102.47,2,2,1,0
1322,101.286,1,4,1,1
1324,101.869,1,3,0,1
1324,101.286,1,4,0,1
1324,100.442,1,4,0,1
1326,99.475,2,0,1,0
1326,102.258,1,4,1,0
1329,100.66,4,0,5,0
1331,101.438,1,5,0,1
1331,100.474,2,4,0,1
1331,99.1591,2,3,4,0
1332,99.0209,3,1,3,1
1333,98.8366,1,0,1,1
1335,99.7433,1,5,0,0
1335,98.8366,1,0,5,1
1335,98.4876,1,1,5,1
1337,98.4876,1,1,4,1
1337,98.4872,3,2,4,1
1338,98.264,1,4,1,0
1338,99.7433,3,5,1,0
1339,98.9588,3,2,0,1
1339,98.0944,1,4,2,1
1340,99.196,3,0,5,0
1340,99.7433,1,5,5,0
1341,97.8941,3,0,4,1
1341,97.8901,2,1,4,1
1343,100.089,1,4,3,0
1343,100.194,1,2,3,0
1343,100.29,2,3,3,0
1345,101.125,2,5,2,0
1345,102.2,3,3,2,0
1346,98.5264,4,2,4,1
1347,98.5264,1,2,1,1
1353,98.1419,4,4,2,1
1353,98.052,1,1,5,1
1356,98.1605,3,5,1,0
1357,98.4526,1,2,0,0
1357,98.5132,3,1,0,0
1357,99.8664,1,5,0,0
1358,97.8901,3,1,0,1
1358,99.8664,1,5,3,0
1359,97.8791,1,4,5,0
1360,97.8791,1,4,1,0
1361,98.5256,2,3,3,0
1363,98.5256,3,3,3,0
1363,99.8664,1,5,3,0
1363,97.8717,1,3,4,1
1363,97.8469,3,0,4,1
1364,99.9481,5,2,2,0
1370,98.1962,1,0,2,1
1370,98.6067,1,4,5,0
1371,98.6067,3,4,0,0
1371,98.8318,1,1,0,0
1371,98.9177,1,5,5,0
1372,98.9177,4,5,4,0
1372,98.9479,1,2,4,0
1373,98.9479,2,2,4,0
1373,99.2648,2,1,4,0
1373,99.2648,1,1,5,0
1374,98.8382,3,1,0,1
1374,98.8382,2,1,2,1
1374,98.1962,1,0,2,1
1374,97.8469,1,0,2,1
1374,97.7328,1,4,2,1
1376,100.496,4,3,0,0
1376,100.541,1,2,0,0
1376,98.3794,4,4,5,1
1377,100.541,3,2,3,0
1377,101.021,2,0,3,0
1378,99.2805,3,2,0,1
1379,100.273,1,5,1,1
1381,100.273,2,5,4,1
1381,100.257,3,5,4,1
1382,100.257,2,5,0,1
1382,100.351,2,2,1,0
1382,100.993,3,1,5,1
1382,99.326,2,0,5,1
1383,99.326,1,0,0,1
1383,99.2805,1,2,0,1
1383,98.3794,1,4,0,1
1383,97.8702,2,0,1,0
1383,101.021,2,0,1,0
1383,101.081,1,5,1,0
1384,97.7291,1,2,2,1
1384,97.7291,3,2,3,1
1384,97.7193,2,3,3,1
1384,97.7193,1,3,4,1
1386,99.791,1,1,5,0
1391,99.461,2,4,0,0
1391,99.791,2,1,0,0
1391,99.9104,1,2,0,0
1391,99.9104,2,2,1,0
1391,99.9104,1,2,2,0
1391,100.847,2,4,2,0
1391,101.081,1,5,2,0
1394,98.8408,2,1,3,1
1395,98.8947,1,3,4,0
1396,98.6468,2,0,2,0
1396,100.376,2,0,5,0
1396,101.081,1,5,5,0
1397,98.0217,1,1,0,1
1397,101.175,3,2,2,0
1397,101.185,1,1,2,0
1397,101.25,1,2,2,0
1398,101.25,1,2,2,0
1398,101.465,1,2,2,0
1399,98.1706,3,3,4,0
1400,98.1706,2,3,0,0
1400,98.3326,2,2,0,0
1400,99.0451,1,1,2,0
1400,101.465,2,2,4,0
1401,99.9277,1,2,3,1
1401,99.9277,2,2,5,1
1402,98.0223,2,0,1,1
1404,98.0217,1,1,1,1
1404,98.1676,2,2,3,0
1405,99.0878,2,5,4,0
1407,100.018,3,4,5,1
1407,98.4378,1,3,5,1
1408,98.4378,1,3,0,1
1408,97.7083,4,5,2,1
1409,97.8272,3,0,4,0
1409,97.9524,2,3,4,0
1411,97.9524,2,3,1,0
1411,97.9524,1,3,5,0
1411,98.3118,1,5,5,0
1412,98.3118,3,5,3,0
1412,99.0747,1,0,3,0
1412,100.251,1,2,3,0
1414,100.251,1,2,1,0
1415,99.9062,2,0,1,0
1415,100.555,2,2,1,0
1415,97.9652,1,4,5,0
1416,97.9652,1,4,5,0
1418,97.7083,1,5,3,1
1418,97.642,1,0,3,1
1419,97.9652,1,4,5,0
1423,98.3347,3,3,0,0
1425,98.3347,1,3,0,0
1425,99.9736,1,0,0,0
1425,99.9736,2,0,4,0
1426,99.5768,3,0,1,1
1426,100.125,1,4,5,0
1426,100.555,3,2,5,0
1426,100.834,1,5,5,0
1427,101.115,2,2,0,0
1428,99.929,1,3,2,1
1429,101.364,3,4,1,0
1429,101.677,2,3,1,0
1430,99.929,3,3,0,1
1433,100.123,3,3,0,0
1433,99.5768,1,0,1,1
1433,99.5201,4,3,1,1
1434,100.123,1,3,2,0
1434,100.225,1,3,2,0
1435,99.6637,2,4,5,1
1437,99.8579,1,2,2,0
1440,99.564,4,5,1,0
1440,99.8579,1,2,1,0
1441,99.5201,1,3,0,1
1441,99.2779,3,5,0,1
1442,99.8579,2,2,0,0
1442,99.8579,1,2,4,0
1442,99.9731,2,5,4,0
1443,99.2779,1,5,1,1
1443,98.7429,1,5,1,1
1445,99.9731,2,5,1,0
1445,100.225,2,3,1,0
1445,100.225,2,3,2,0
1445,100.259,2,2,2,0
1445,98.7429,2,5,3,1
1446,98.7429,1,5,2,1
1446,98.6547,2,0,3,1
1446,98.4506,1,1,3,1
1446,98.2111,1,5,3,1
1446,98.0439,1,3,3,1
1447,98.0439,1,3,0,1
1448,100.259,3,2,0,0
1448,100.669,1,5,0,0
1449,98.0439,1,3,2,1
1452,99.3028,1,4,0,1
1453,100.669,2,5,1,0
1453,100.729,1,4,1,0
1453,99.3028,2,4,4,1
1453,99.3028,2,4,5,1
1453,98.4639,1,4,5,1
1454,97.7808,2,2,5,1
1454,97.6237,1,5,5,1
1455,97.6122,2,0,3,1
1455,97.6096,1,2,3,1
1455,97.6056,1,5,3,1
1458,97.8766,2,5,4,0
1458,97.9004,2,5,4,0
1463,100.729,4,4,4,0
1464,100.138,1,4,1,1
1464,99.2218,2,2,1,1
1465,99.2218,3,2,2,1
1466,97.604,3,1,1,1
1466,97.5976,2,3,1,1
1467,97.5976,1,3,1,1
1467,98.9647,1,2,3,0
1467,100.49,1,3,3,0
1467,101.003,2,2,3,0
1468,101.003,3,2,0,0
1468,101.465,2,4,2,0
1471,98.7099,5,3,1,0
1471,100.543,1,5,5,0
1472,100.543,2,5,3,0
1474,98.9514,1,2,4,0
1474,98.9514,3,2,5,0
1474,100.543,1,5,5,0
1475,101.126,1,1,5,1
1476,101.126,4,1,0,1
1476,97.5976,1,3,4,1
1476,97.5916,1,5,4,1
1477,97.5916,3,5,0,1
1478,97.5916,1,5,1,1
1478,97.5738,3,4,1,1
1478,97.5641,1,4,1,1
1480,99.0629,2,2,0,0
1480,99.8175,2,2,4,0
1481,99.8175,1,2,1,0
1481,100.018,2,1,1,0
1482,97.5641,2,4,1,1
1482,101.465,2,4,4,0
1482,101.677,2,3,4,0
1483,100.678,1,0,2,0
1484,101.725,3,1,4,0
1485,101.645,1,0,5,1
1486,101.725,1,1,4,0
1486,101.825,2,1,4,0
1489,101.645,3,0,2,1
1490,100.626,2,4,4,1
1491,100.626,3,4,2,1
1491,100.243,1,2,3,1
1491,99.2731,4,4,3,1
1492,101.285,2,1,0,0
1492,101.84,1,1,0,0
1492,100.357,2,4,3,1
1492,99.2731,1,4,3,1
1492,98.9858,1,0,3,1
1495,98.9858,1,0,5,1
1496,98.9858,1,0,2,1
1497,101.022,2,1,3,0
1497,101.84,1,1,3,0
1498,98.9858,2,0,0,1
1499,98.6504,1,0,3,0
1499,101.84,1,1,3,0
1499,101.873,1,3,3,0
1500,101.873,1,3,1,0
1501,101.268,1,3,4,1
1501,100.961,4,3,5,1
1501,100.677,1,2,5,1
1502,100.677,2,2,0,1
1502,97.9205,3,4,0,1
1503,99.2125,2,4,1,1
1503,97.9205,1,4,2,1
1503,97.5639,3,4,2,1
1504,101.873,1,3,0,0
1505,97.5244,1,2,4,1
1506,101.902,1,0,1,0
1506,101.936,4,0,1,0
1506,100.147,1,3,5,0
1507,101.809,3,5,1,1
1507,98.5788,1,1,5,0
1509,100.36,2,1,1,1
1509,100.36,2,1,3,1
1509,99.5995,1,5,3,1
1509,101.077,3,4,5,1
1514,100.31,1,5,4,0
1515,99.5995,1,5,0,1
1515,99.2812,1,5,0,1
1515,98.7537,2,3,0,1
1516,100.31,1,5,1,0
1516,100.461,1,0,1,0
1516,98.7537,2,3,3,1
1516,97.5244,1,2,3,1
1516,97.5124,1,4,3,1
1516,97.5062,1,0,3,1
1516,97.5062,3,0,4,1
1516,97.4961,2,2,4,1
1517,100.461,1,0,2,0
1518,97.6663,1,1,0,1
1518,99.895,1,3,5,0
1519,97.6663,3,1,5,1
1519,97.4961,1,2,5,1
1519,97.4951,1,3,5,1
1520,97.6936,2,4,0,0
1520,98.7533,2,3,2,0
1520,99.895,1,3,2,0
1520,100.461,1,0,2,0
1521,98.5459,3,5,1,0
1521,100.461,1,0,1,0
1521,98.1515,2,0,3,1
1521,97.4842,3,1,3,1
1522,97.4842,2,1,2,1
1522,97.4811,3,1,2,1
1523,98.6686,2,1,5,1
1523,97.4811,2,1,5,1
1523,97.4801,1,3,5,1
1524,97.4801,2,3,1,1
1524,100.461,1,0,3,0
1524,100.829,3,4,3,0
1525,100.942,1,3,0,1
1525,101.012,1,3,2,0
1525,101.341,1,0,2,0
1525,101.341,2,0,3,0
1527,98.0759,2,1,3,1
1530,98.0838,2,3,4,0
1531,98.0838,2,3,3,0
1531,99.5344,3,1,3,0
1533,99.5344,1,1,3,0
1533,99.9897,3,5,5,0
1537,100.782,1,5,0,1
1538,98.0759,1,1,0,1
1538,97.8483,1,0,1,0
1538,99.7822,3,0,1,0
1538,97.5574,2,1,4,1
1541,101.341,1,0,3,0
1542,97.5574,1,1,1,1
1542,97.4544,1,4,1,1
1542,97.452,1,4,1,1
1542,97.4356,1,4,1,1
1544,98.9721,1,5,0,0
1544,99.9156,3,1,0,0
1544,101.341,1,0,2,0
1544,101.375,2,2,2,0
1544,101.468,2,4,2,0
1544,101.468,2,4,4,0
1546,101.562,2,5,0,1
1547,101.613,1,4,3,0
1548,101.562,2,5,0,1
1548,98.2736,2,1,4,1
1548,97.4356,2,4,4,1
1548,99.5433,1,0,5,0
1550,101.613,2,4,3,0
1552,101.369,3,5,1,0
1552,99.851,2,5,2,1
1552,98.6241,2,5,2,1
1553,98.6241,1,5,3,1
1555,99.7849,1,3,1,0
1555,98.4359,4,4,5,1
1556,99.7849,3,3,4,0
1556,101.342,2,3,4,0
1557,98.4359,1,4,5,1
1558,101.342,2,3,5,0
1559,101.342,1,3,1,0
1559,101.369,2,5,1,0
1559,101.613,2,4,1,0
1560,98.6133,1,0,5,1
1560,97.4356,2,4,5,1
1561,99.3657,3,2,3,0
1561,100.446,1,3,3,0
1561,97.4283,1,5,4,1
1563,99.1574,1,1,2,0
1564,99.1574,1,1,3,0
1564,97.4283,1,5,4,1
1564,97.4255,3,3,4,1
1564,97.4077,1,5,4,1
1565,97.4077,1,5,4,1
1566,97.4077,2,5,2,1
1566,97.4013,2,1,2,1
1566,99.1662,3,1,5,0
1566,100.806,2,4,5,0
1569,97.5721,1,1,2,0
1569,97.6295,3,1,2,0
1569,97.6295,1,1,5,0
1569,100.806,3,4,5,0
1570,99.7371,2,2,5,1
1570,98.9238,2,3,5,1
1571,101.504,4,2,0,0
1571,101.604,1,2,0,0
1571,101.604,2,2,3,0
1571,101.62,2,5,3,0
1573,99.6422,3,1,4,1
1574,98.9238,1,3,5,1
1575,98.0412,4,5,3,0
1575,100.115,1,2,3,0
1576,100.115,4,2,4,0
1576,100.156,1,2,4,0
1577,100.156,2,2,0,0
1577,100.398,1,2,3,1
1579,100.735,2,3,1,0
1579,100.735,2,3,3,0
1580,101.62,2,5,2,0
1580,101.632,2,4,2,0
1583,101.507,1,1,2,0
1583,101.632,3,4,2,0
1583,101.814,1,5,2,0
1583,101.814,4,5,4,0
1584,100.705,1,3,4,1
1584,100.398,2,2,4,1
1584,100.041,2,5,4,1
1584,98.8737,1,1,5,1
1584,98.4464,2,1,5,1
1585,100.646,3,1,5,0
1588,99.7361,3,5,3,0
1589,99.7361,1,5,1,0
1589,100.646,1,1,1,0
1589,101.707,1,0,1,0
1590,101.707,3,0,0,0
1590,99.198,1,4,1,1
1591,100.713,4,4,0,1
1591,99.198,1,4,0,1
1591,98.8533,1,1,2,1
1591,98.395,1,0,2,1
1592,100.61,5,1,4,0
1593,101.886,3,5,3,1
1595,98.395,3,0,0,1
1595,98.6014,4,3,2,0
1595,98.9624,3,3,5,0
1597,98.9624,1,3,1,0
1597,100.305,3,2,1,0
1597,100.957,1,3,1,0
1601,101.067,5,4,1,0
1601,101.927,1,0,4,0
1602,100.843,1,1,3,1
1602,100.783,1,3,3,1
1604,99.7816,1,5,0,1
1604,101.927,1,0,1,0
1604,98.5576,1,2,4,0
1605,98.5576,2,2,5,0
1605,101.927,1,0,5,0
1605,101.941,1,3,5,0
1607,100.356,2,4,3,1
1610,101.941,1,3,2,0
1612,101.941,1,3,2,0
1612,101.957,3,4,2,0
1612,101.995,1,1,2,0
1613,101.995,1,1,3,0
1613,102.032,4,4,3,0
1614,101.915,2,4,1,1
1615,102.077,2,3,1,0
1615,101.915,1,4,5,1
1615,100.339,1,1,5,1
1620,100.712,1,3,3,0
1623,100.712,1,3,3,0
1624,100.712,1,3,1,0
1624,101.086,1,1,2,1
1625,100.521,1,1,3,1
1625,100.258,1,1,3,1
1625,100.187,2,0,3,1
1625,101.523,4,0,5,0
1627,100.187,1,0,0,1
1627,99.7142,1,4,0,1
1627,101.523,1,0,3,0
1627,101.76,2,3,3,0
1627,101.922,1,4,3,0
1629,101.664,2,2,4,1
1631,101.922,3,4,1,0
1631,101.922,1,4,2,0
1632,101.442,3,3,4,1
1632,101.442,2,3,5,1
1635,99.7142,2,4,0,1
1635,100.514,1,3,2,0
1635,101.296,1,5,2,0
1635,102.088,1,1,5,0
1635,102.101,2,3,5,0
1635,102.14,1,3,5,0
1636,101.959,1,2,4,1
1637,102.14,1,3,3,0
1637,102.17,1,0,3,0
1637,99.2537,4,1,4,1
1638,99.2537,1,1,1,1
1638,99.2026,1,0,1,1
1638,100.029,2,3,4,1
1638,99.2026,1,0,4,1
1639,99.2026,2,0,4,1
1642,100.217,2,0,4,1
1643,100.551,2,5,0,0
1643,100.551,2,5,2,0
1643,102.17,1,0,2,0
1643,102.173,2,3,2,0
1643,102.173,2,3,3,0
1644,102.2,2,3,2,0
1645,100.217,3,0,2,1
1646,102.258,3,4,3,0
1646,102.294,2,0,3,0
1646,102.294,3,0,4,0
1649,99.1697,3,0,1,0
1649,101.019,1,1,2,0
1649,101.894,2,0,2,0
1649,99.8162,2,1,3,1
1649,99.1662,2,0,3,1
1650,99.1662,1,0,4,1
1651,101.894,2,0,0,0
1651,102.296,2,2,0,0
1652,100.906,1,0,1,0
1652,102.296,1,2,1,0
1652,102.312,1,4,1,0
1652,101.69,1,3,5,1
1654,101.86,1,2,0,0
1655,101.86,1,2,2,0
1655,101.69,1,3,4,1
1655,99.8127,2,0,4,1
1655,99.8127,3,0,5,1
1655,99.5927,1,1,5,1
1656,100.284,4,0,3,0
1656,99.5927,4,1,5,1
1657,100.284,1,0,1,0
1657,101.368,3,1,1,0
1657,99.1437,1,2,4,1
1659,101.368,1,1,2,0
1660,101.464,1,2,4,1
1661,101.464,2,2,2,1
1662,100.528,2,2,2,0
1662,100.528,1,2,5,0
1662,100.927,3,4,5,0
1663,99.1437,1,2,2,1
1664,99.1437,2,2,0,1
1664,99.0802,2,3,0,1
1664,99.0489,1,5,0,1
1666,99.0489,1,5,3,1
1666,100.306,1,2,5,0
1666,100.927,1,4,5,0
1667,99.0361,1,5,1,1
1667,100.927,1,4,2,0
1667,101.618,2,2,2,0
1667,102.345,2,1,2,0
1667,99.0361,2,5,3,1
1668,99.0621,2,5,4,0
1668,102.345,2,1,4,0
1669,102.345,1,1,0,0
1669,102.349,4,5,0,0
1670,102.349,1,5,2,0
1670,102.388,1,5,2,0
1670,102.397,2,1,2,0
1670,99.6234,3,1,3,1
1670,98.9767,2,0,3,1
1671,102.397,2,1,0,0
1671,100.592,4,2,3,1
1671,100.592,1,2,4,1
1671,98.9767,2,0,4,1
1671,102.397,1,1,5,0
1671,102.408,1,1,5,0
1672,102.408,2,1,2,0
1674,100.012,5,0,2,1
1674,99.8349,1,3,4,1
1674,98.6684,3,1,4,1
1675,98.6684,1,1,4,1
1676,98.6684,1,1,0,1
1676,98.6366,1,0,0,1
1676,100.776,1,2,4,0
1678,100.776,1,2,2,0
1678,101.409,3,2,2,0
1679,99.9115,1,3,0,1
1683,101.409,1,2,2,0
1683,102.019,2,5,2,0
1686,101.846,1,4,2,1
1687,102.423,2,1,1,0
1687,102.438,1,4,1,0
1690,101.797,2,2,0,1
1691,102.449,2,4,2,0
1691,102.46,1,5,2,0
1691,102.47,1,2,2,0
1691,101.797,3,2,3,1
1692,102.183,1,3,5,1
1693,101.725,1,1,3,1
1696,102.471,1,0,0,0
1696,102.471,2,0,2,0
1696,102.525,2,4,2,0
1697,102.347,4,1,5,1
1698,102.347,1,1,2,1
1698,102.176,4,4,2,1
1699,101.725,2,1,4,1
1699,101.519,1,2,4,1
1701,101.519,1,2,0,1
1701,99.5365,1,1,0,1
1701,100.637,1,1,2,1
1701,100.637,2,1,3,1
1702,101.415,1,0,5,1
1702,100.637,1,1,5,1
1704,102.544,2,5,4,0
1704,102.566,1,3,4,0
1705,100.637,1,1,2,1
1705,99.5365,2,1,2,1
1705,99.182,1,3,2,1
1705,98.6347,1,0,2,1
1706,98.6347,1,0,3,1
1706,98.2357,1,0,3,1
1707,100.252,1,5,3,0
1707,102.569,3,1,3,0
1707,102.577,1,0,3,0
1707,98.2357,1,0,5,1
1707,98.2035,2,1,5,1
1708,102.594,2,3,3,0
1708,102.594,2,3,5,0
1708,102.605,1,5,5,0
1709,101.001,1,4,5,0
1710,102.339,1,5,0,1
1711,102.339,1,5,0,1
1711,98.2035,1,1,0,1
1712,98.2035,2,1,4,1
1712,98.1054,3,0,4,1
1717,98.1054,1,0,5,1
1718,98.1054,1,0,3,1
1719,98.2464,1,2,0,0
1719,99.5003,1,3,0,0
1719,99.7076,4,1,1,0
1720,100.32,1,1,1,0
1720,98.0937,1,4,4,1
1720,98.0547,1,0,4,1
1722,100.258,1,1,5,0
1723,99.4531,5,1,2,1
1724,99.386,2,2,2,1
1724,98.0547,1,0,2,1
1724,98.0526,1,1,2,1
1724,100.258,2,1,5,0
1725,100.32,3,1,4,0
1725,100.32,1,1,5,0
1725,100.577,2,5,5,0
1725,102.152,1,3,5,0
1726,102.168,2,0,0,0
1726,102.168,2,0,1,0
1726,102.237,2,1,2,1
1727,99.8132,2,3,0,1
1727,99.2748,2,5,2,1
1727,98.0467,2,4,2,1
1727,99.3711,1,0,4,0
1728,99.3711,1,0,1,0
1728,98.0467,1,4,4,1
1730,101.221,1,5,2,1
1732,101.221,1,5,2,1
1732,99.2744,2,1,2,1
1733,98.3532,1,2,4,0
1735,98.5903,1,4,1,1
1737,99.5848,2,3,0,0
1739,100.441,1,0,3,1
1743,99.7099,3,2,0,1
1743,98.6385,5,1,4,1
1745,100.11,2,3,0,0
1746,101.384,1,4,0,0
1746,99.1499,3,3,2,1
1746,98.8563,1,2,2,1
1746,98.5903,1,5,2,1
1747,101.384,3,4,5,0
1749,98.7967,2,3,0,1
1750,101.638,2,1,5,0
1751,98.7967,3,3,0,1
1751,98.5903,2,5,0,1
1751,98.5903,1,5,1,1
1751,98.2561,3,0,1,1
1753,101.777,3,3,4,0
1753,101.864,1,0,4,0
1754,99.3581,2,3,5,1
1756,98.1146,2,0,1,1
1756,98.0467,2,4,1,1
1756,98.0386,1,5,1,1
1756,98.0386,1,5,3,1
1756,98.0099,2,5,3,1
1756,97.9618,2,1,3,1
1758,98.2526,1,5,2,0
1758,101.864,2,0,2,0
1758,101.978,1,3,2,0
1758,102.069,1,3,2,0
1759,101.319,2,4,0,1
1759,97.8485,1,4,0,1
1759,97.8399,1,3,0,1
1760,97.8399,1,3,1,1
1760,97.7525,1,3,1,1
1760,97.7151,1,1,1,1
1760,97.6906,1,5,1,1
1760,102.069,1,3,5,0
1760,102.076,4,1,5,0
1761,97.6906,1,5,4,1
1762,99.443,1,0,3,1
1762,97.6906,1,5,3,1
1765,101.114,2,5,0,1
1767,102.196,4,0,2,1
1767,101.114,1,5,4,1
1767,101.114,1,5,5,1
1767,100.976,2,1,5,1
1769,100.976,1,1,2,1
1770,100.976,2,1,2,1
1770,100.936,1,0,2,1
1770,100.702,1,2,2,1
1771,100.702,3,2,1,1
1771,100.415,2,0,1,1
1772,100.415,2,0,5,1
1772,100.014,3,2,5,1
1775,101.025,1,4,1,1
1775,99.1846,2,1,3,0
1776,99.1557,1,1,0,1
1776,98.8448,2,2,0,1
1776,97.6906,1,5,0,1
1778,98.4431,2,3,4,0
1778,99.1846,1,1,4,0
1778,99.5637,2,2,4,0
1778,99.5637,2,2,5,0
1778,101.078,1,3,5,0
1779,97.8464,1,3,1,1
1779,97.6286,2,2,1,1
1779,101.443,3,1,2,0
1779,102.326,1,5,2,0
1779,102.452,1,3,2,0
1781,97.7162,1,4,0,0
1781,97.7162,2,4,2,0
1781,97.7162,1,4,5,0
1782,101.373,3,3,3,0
1784,99.9418,1,5,2,1
1785,101.373,2,3,0,0
1785,101.545,1,1,0,0
1785,101.545,3,1,2,0
1788,100.847,1,4,2,1
1789,100.847,1,4,4,1
1790,100.298,1,2,0,1
1790,100.798,4,4,4,0
1790,101.563,1,0,5,0
1792,101.476,2,0,4,0
1793,100.298,1,2,0,1
1793,100.298,2,2,3,1
1793,99.5699,2,5,3,1
1794,101.563,1,0,2,0
1795,100.479,4,4,5,1
1796,101.563,1,0,0,0
1797,102.064,2,0,3,0
1797,102.452,2,3,3,0
1797,102.521,1,3,3,0
1797,100.267,1,2,5,1
1800,100.251,1,5,1,1
1801,100.886,2,4,1,0
1801,102.128,2,1,2,1
1801,100.251,3,5,2,1
1801,102.553,2,5,3,0
1802,102.553,1,5,1,0
1802,102.599,1,3,1,0
1802,100.251,1,5,5,1
1802,100.195,4,5,5,1
1803,99.5699,1,5,2,1
1804,101.541,1,2,0,0
1804,102.599,1,3,0,0
1804,102.605,2,5,0,0
1804,99.5699,2,5,5,1
1804,99.4157,2,2,5,1
1804,98.8886,1,2,5,1
1806,102.485,5,3,0,0
1808,101.649,1,4,1,1
1808,102.605,1,5,5,0
1808,102.608,1,0,5,0
1808,102.61,1,5,5,0
1809,101.649,1,4,1,1
1809,101.649,3,4,4,1
1809,99.6815,1,4,4,1
1810,101.5,1,5,0,0
1810,99.6815,2,4,3,1
1810,101.5,3,5,4,0
1811,99.6815,2,4,2,1
1811,98.8886,1,2,4,1
1811,98.3489,2,1,4,1
1813,100.433,2,5,0,0
1813,100.542,1,0,1,1
1813,98.3489,3,1,1,1
1814,98.3036,2,5,1,1
1814,97.7948,1,1,1,1
1814,101.333,4,0,4,0
1818,100.177,3,1,2,0
1818,101.39,2,5,2,0
1819,102.61,3,5,1,0
1820,101.802,3,4,2,1
1820,102.474,2,3,4,1
1822,102.474,2,3,2,1
1822,102.474,1,3,4,1
1822,101.802,1,4,4,1
1823,102.614,2,5,3,0
1823,102.623,3,3,3,0
1823,102.623,1,3,4,0
1823,102.623,2,0,4,0
1826,102.623,1,0,5,0
1826,102.623,2,2,5,0
1827,101.802,1,4,3,1
1828,99.643,1,0,0,1
1828,100.06,2,3,1,0
1829,99.5723,3,2,1,1
1829,98.7852,1,2,3,1
1829,97.7948,1,1,3,1
1830,97.7583,3,3,1,0
1830,100.06,2,3,3,0
1830,102.623,3,2,3,0
1831,99.4479,2,4,1,0
1831,99.8521,3,1,4,1
1833,101.264,1,2,0,0
1835,100.958,1,5,1,0
1835,101.522,2,3,1,0
1835,102.125,2,1,4,1
1837,100.728,5,1,1,0
1838,101.001,2,4,1,0
1838,102.384,3,5,1,0
1838,102.384,1,5,2,0
1838,102.588,1,2,2,0
1838,102.686,1,5,2,0
1839,102.686,1,5,0,0
1840,102.576,1,5,1,1
1841,100.022,2,2,1,1
1841,99.2489,1,5,1,1
1842,99.2489,3,5,5,1
1843,100.435,2,3,4,0
1843,100.962,2,1,5,0
1844,102.686,2,5,1,0
1844,102.692,1,0,1,0
1844,102.696,1,1,1,0
1844,102.696,2,1,4,0
1844,102.697,1,3,4,0
1846,102.697,1,3,3,0
1846,102.697,2,5,3,0
1847,102.697,1,5,1,0
1847,102.707,2,0,1,0
1847,101.527,4,2,5,1
1847,99.7902,1,0,5,1
1849,102.707,3,0,3,0
1850,101.35,1,3,3,1
1850,101.35,1,3,4,1
1851,101.35,1,3,5,1
1851,100.682,2,4,5,1
1851,99.2489,1,5,5,1
1852,102.713,2,0,0,0
1852,102.726,2,0,0,0
1853,98.8201,1,2,1,1
1853,98.8201,1,2,5,1
1855,100.978,2,4,0,0
1856,100.395,1,4,0,0
1857,99.895,1,0,5,1
1858,99.895,1,0,3,1
1858,98.8187,2,1,3,1
1859,98.8187,2,1,5,1
1859,98.7728,2,3,5,1
1861,99.2823,1,0,0,0
1861,99.2823,1,0,3,0
1861,100.016,3,1,3,0
1863,98.7728,1,3,1,1
1864,98.8862,1,5,1,0
1864,100.395,4,4,1,0
1864,98.7168,1,4,3,1
1864,98.7079,2,4,3,1
1864,98.5593,2,2,3,1
1865,100.452,1,5,3,0
1866,99.4518,2,2,3,0
1868,99.4518,2,2,2,0
1868,100.452,2,5,2,0
1868,98.9497,1,4,5,1
1869,100.452,1,5,0,0
1870,99.3446,3,5,1,0
1870,99.3446,2,5,4,0
1870,100.978,1,4,4,0
1871,100.978,2,4,2,0
1872,101.147,2,2,0,1
1872,99.8011,1,0,1,0
1872,99.8011,1,0,4,0
1872,101.635,2,5,4,0
1873,101.635,1,5,1,0
1873,98.9497,2,4,4,1
1873,101.635,1,5,5,0
1873,101.881,1,0,5,0
1875,99.0145,3,0,5,1
1875,98.9497,2,4,5,1
1877,99.26,2,3,1,0
1877,99.2631,2,0,1,0
1879,101.737,2,3,1,0
1880,101.007,2,3,0,1
1881,101.007,1,3,0,1
1881,99.9455,2,5,0,1
1881,98.5593,2,2,0,1
1881,101.737,1,3,1,0
1882,98.3124,2,2,5,1
1883,98.9491,2,2,0,0
1883,101.881,1,0,4,0
1884,100.597,2,0,0,1
1884,98.3569,1,0,1,0
1886,98.3569,2,0,1,0
1888,98.3124,1,2,2,1
1888,98.2369,2,1,2,1
1889,100.429,2,4,0,0
1889,100.511,2,1,0,0
1889,100.511,2,1,2,0
1890,98.2369,2,1,0,1
1890,98.1286,3,4,0,1
1893,98.3509,1,0,2,0
1894,98.7743,1,4,3,0
1894,99.7783,2,0,3,0
1897,99.8431,2,3,0,0
1897,99.9896,1,2,0,0
1897,99.9896,1,2,4,0
1897,101.145,1,2,4,0
1898,99.2944,3,4,1,1
1898,98.9038,1,4,1,1
1899,98.9038,1,4,2,1
1900,99.3611,2,0,3,0
1900,101.145,3,2,3,0
1903,99.5614,3,4,4,1
1903,99.0434,1,1,4,1
1903,101.208,1,5,5,0
1905,101.208,1,5,1,0
1906,99.0434,2,1,0,1
1906,100.045,3,4,1,0
1906,101.354,2,0,1,0
1907,99.0434,2,1,1,1
1907,98.9038,1,4,1,1
1907,98.8919,2,1,1,1
1907,100.86,2,2,4,0
1908,100.86,3,2,0,0
1908,101.114,2,0,4,1
1909,100.217,2,5,2,1
1910,100.217,1,5,0,1
1910,98.8919,3,1,0,1
1910,98.7814,1,3,0,1
1911,101.384,3,5,0,0
1911,101.881,1,0,4,0
1912,101.881,1,0,0,0
1913,100.41,1,3,5,1
1913,99.8106,2,3,5,1
1913,99.5526,1,5,5,1
1915,100.418,1,3,0,0
1916,98.4529,1,3,1,1
1916,98.1286,1,4,1,1
1916,97.9729,2,3,1,1
1917,97.9729,1,3,2,1
1919,99.9852,2,4,0,0
1919,100.49,3,2,0,0
1921,98.9114,4,0,0,1
1923,97.9729,1,3,0,1
1923,97.8473,3,1,0,1
1923,97.8473,1,1,4,1
1925,97.8473,1,1,3,1
1927,97.8135,4,3,1,0
1927,98.5961,1,2,1,0
1927,98.5961,3,2,4,0
1928,97.7648,1,1,2,1
1930,98.5961,1,2,3,0
1930,99.4501,1,3,3,0
1930,100.002,1,2,3,0
1932,98.2505,1,4,5,0
1935,98.2132,4,2,3,1
1935,97.7648,1,1,3,1
1936,97.7215,2,2,0,1
1936,97.709,1,1,0,1
1936,98.2505,2,4,3,0
1937,97.709,3,1,0,1
1937,97.63,1,2,4,1
1938,98.2505,2,4,0,0
1938,100.49,1,2,0,0
1938,98.7695,1,3,4,1
1939,97.63,3,2,0,1
1939,100.542,1,5,5,0
1939,100.59,3,3,5,0
1940,98.0969,1,0,1,1
1940,97.6109,1,1,1,1
1941,99.848,2,5,4,1
1942,99.7311,4,5,3,1
1942,100.59,2,3,4,0
1943,99.7311,1,5,0,1
1943,97.6109,2,1,0,1
1943,97.6109,1,1,5,1
1945,99.5221,3,3,0,0
1945,99.5221,1,3,4,0
1945,100.638,3,1,4,0
1945,100.649,5,2,5,0
1946,97.6099,3,4,4,1
1947,100.348,1,1,3,0
1947,100.654,3,4,3,0
1947,100.657,1,4,3,0
1947,101.086,1,2,4,0
1947,101.086,2,2,5,0
1947,101.331,1,1,5,0
1947,101.353,1,0,5,0
1950,97.6099,1,4,0,1
1950,97.54,3,2,0,1
1950,98.4277,1,2,5,0
1950,101.134,1,3,5,0
1950,101.353,1,0,5,0
1951,101.584,1,3,2,0
1951,101.634,3,4,2,0
1952,97.54,1,2,5,1
1952,97.5236,1,3,5,1
1952,97.5195,2,1,5,1
1953,102,4,5,5,0
1953,102.031,1,3,5,0
1955,100.657,2,4,2,1
1955,97.5195,1,1,3,1
1955,97.516,1,0,3,1
1958,100.297,1,0,1,0
1958,101.094,3,3,3,0
1958,102.031,2,3,3,0
1958,97.4954,2,0,5,1
1959,102.031,1,3,0,0
1960,97.4909,2,3,2,1
1961,97.6043,2,5,5,0
1962,97.4909,1,3,2,1
1963,97.6043,2,5,1,0
1963,100.143,1,1,4,1
1963,97.4909,1,3,4,1
1963,97.4594,1,1,4,1
1964,100.264,4,4,0,0
1965,100.157,2,5,0,1
1965,97.5906,1,3,0,1
1965,97.4594,2,1,1,1
1965,97.4363,3,3,1,1
1966,99.5096,1,4,5,1
1967,100.143,3,4,0,0
1967,102.454,2,5,2,0
1967,102.527,2,1,2,0
1967,102.615,1,3,2,0
1968,99.5096,3,4,0,1
1968,97.4943,2,5,0,1
1968,97.7538,3,2,3,0
1970,102.615,1,3,4,0
1970,102.726,1,0,4,0
1970,100.7,3,5,5,1
1971,100.7,1,5,2,1
1973,98.0401,3,3,2,0
1979,100.344,4,2,1,0
1979,101.094,3,4,2,0
1979,102.67,2,5,2,0
1981,102.67,1,5,3,0
1981,102.726,2,0,3,0
1981,102.729,1,2,3,0
1983,101.336,1,2,4,0
1984,100.928,1,0,3,1
1987,101.469,3,0,1,1
1988,100.954,3,3,2,0
1988,100.928,1,0,4,1
1988,99.6646,2,5,4,1
1988,99.6646,2,5,5,1
1989,100.406,3,0,5,1
1990,100.954,2,3,4,0
1990,101.827,1,4,4,0
1991,99.6646,1,5,4,1
1991,99.3966,1,4,5,0
1991,100.708,2,3,5,0
1992,99.2615,1,0,0,1
1992,100.708,3,3,2,0
1992,98.9622,1,2,3,1
1992,98.6081,2,1,3,1
1992,98.6081,1,1,5,1
1992,98.3378,2,0,5,1
1992,97.865,2,3,5,1
1994,100.489,2,1,4,0
1995,100.489,2,1,0,0
1995,101.853,1,2,4,0
1995,101.928,3,2,4,0
1995,97.865,2,3,5,1
1997,97.4943,2,5,1,1
1997,97.4201,1,4,1,1
1997,97.4129,1,5,1,1
1997,97.3972,1,3,1,1
1999,100.313,1,5,1,1
1999,101.928,1,2,3,0
1999,102.495,3,5,3,0
1999,102.729,1,2,3,0
1999,100.313,2,5,4,1
2000,98.462,1,4,3,0
2002,99.4433,4,1,1,0
2002,99.2747,1,3,5,1
2002,98.6226,2,0,5,1
2003,98.6226,3,0,0,1
2003,99.4433,1,1,2,0
2003,101.607,1,3,2,0
2003,102.729,1,2,2,0
2003,102.729,2,2,3,0
2003,102.731,1,3,3,0
2003,102.735,2,0,3,0
2004,102.736,3,2,4,0
2004,102.754,2,2,4,0
2005,102.754,1,2,0,0
2006,100.212,2,5,2,1
2006,98.7634,3,0,2,1
2007,100.354,4,5,2,0
2007,99.3487,3,0,3,1
2008,97.3972,4,3,2,1
2008,97.3965,1,4,2,1
2010,100.776,1,3,0,0
2010,100.22,1,5,4,1
2011,100.22,1,5,2,1
2011,99.6515,4,1,2,1
2012,101.151,4,5,0,1
2012,98.7907,1,0,0,1
2012,98.4298,2,4,1,1
2012,97.902,1,4,1,1
2012,97.8889,2,5,1,1
2013,100.275,2,3,0,0
2013,97.8889,1,5,5,1
2014,98.7874,3,4,4,0
2014,100.275,1,3,4,0
2015,97.8889,1,5,1,1
2015,97.3933,2,5,1,1
2015,97.3851,1,3,1,1
2016,100.056,4,2,2,0
2017,99.8485,2,3,0,1
2017,99.8485,3,3,2,1
2017,99.2768,1,4,2,1
2017,99.2768,1,4,3,1
2017,100.275,2,3,4,0
2017,100.746,2,1,4,0
2017,100.746,2,1,5,0
2017,102.112,3,4,5,0
2019,99.4097,2,2,5,0
2019,100.383,2,2,5,0
2019,102.112,1,4,5,0
2020,99.2768,1,4,1,1
2020,97.3851,1,3,1,1
2021,98.4909,1,4,2,1
2021,102.112,1,4,5,0
2021,102.135,1,1,5,0
2022,102.684,1,5,2,1
2022,99.2281,2,4,5,1
2023,99.2281,2,4,2,1
2023,97.3851,2,3,4,1
2024,98.3048,2,0,1,0
2024,98.5829,3,2,1,0
2024,97.3851,1,3,3,1
2024,97.379,3,2,3,1
2026,97.3777,4,2,1,1
2026,97.4642,2,2,4,0
2026,97.4642,2,2,5,0
2027,98.155,1,5,0,1
2027,97.3777,1,2,0,1
2027,99.3192,3,3,4,1
2029,99.4751,2,0,1,0
2029,99.4751,3,0,3,0
2029,99.9501,1,1,3,0
2029,100.034,1,2,3,0
2029,99.3192,1,3,4,1
2029,98.0559,2,5,4,1
2029,97.3733,1,2,4,1
2029,97.3733,1,2,5,1
2031,100.034,1,2,1,0
2032,100.034,2,2,3,0
2032,100.272,3,3,3,0
2032,102.754,2,2,5,0
2032,102.757,3,5,5,0
2033,102.76,1,0,1,0
2033,102.764,3,0,1,0
2035,99.6892,1,2,0,1
2035,97.5405,2,0,0,1
2035,97.3733,2,2,0,1
2036,97.3733,1,2,0,1
2036,97.366,3,3,0,1
2039,97.6552,2,4,3,0
2040,97.6552,1,4,4,0
2040,99.3707,1,3,4,0
2041,99.3707,2,3,2,0
2041,99.3707,1,3,4,0
2041,99.3707,1,3,5,0
2042,97.3591,4,5,5,1
2043,97.3567,3,2,2,1
2043,97.3552,2,1,2,1
2043,99.0266,2,4,5,0
2043,99.2896,1,0,5,0
2046,99.2896,4,0,4,0
2048,99.7487,3,0,0,0
2048,99.7487,2,0,3,0
2048,100.25,2,3,3,0
2048,99.9891,3,4,5,1
2048,97.3552,1,1,5,1
2049,99.7208,1,0,4,1
2050,100.344,1,1,2,0
2050,100.71,3,1,2,0
2050,99.7208,1,0,5,1
2052,98.3365,1,5,0,0
2052,101.139,1,5,3,0
2052,101.182,4,4,3,0
2053,100.187,1,5,1,1
2053,97.3552,2,1,1,1
2053,97.3541,1,1,1,1
2053,101.105,3,4,5,0
2055,97.6228,1,5,0,1
2055,97.6264,3,2,2,0
2055,97.6264,1,2,3,0
2057,100.004,4,0,1,1
2059,101.105,1,4,2,0
2059,101.202,2,3,2,0
2060,100.009,2,3,3,1
2060,99.3166,1,3,5,0
2064,101.202,1,3,0,0
2064,101.503,1,5,0,0
2065,101.503,1,5,0,0
2065,101.732,2,5,0,0
2066,101.069,1,0,3,1
2067,101.069,1,0,4,1
2067,98.4117,2,5,4,1
2068,100.992,1,5,1,1
2068,98.1602,2,1,1,1
2068,97.7025,1,0,1,1
2068,97.7025,2,0,2,1
2068,97.6228,1,5,2,1
2068,97.3541,1,1,2,1
2070,101.103,3,4,0,0
2070,101.733,2,0,1,1
2071,98.0246,1,0,2,0
2072,98.0246,1,0,0,0
2074,99.8031,1,1,3,0
2077,99.3308,1,0,2,1
2077,98.9681,1,2,5,0
2077,99.8031,1,1,5,0
2077,101.887,3,2,5,0
2079,101.477,2,1,5,1
2080,98.8324,2,5,5,0
2081,97.3541,3,1,2,1
2081,97.3428,1,2,2,1
2081,97.3428,1,2,3,1
2081,97.3422,1,5,3,1
2083,98.1278,4,5,2,0
2083,98.1278,1,5,3,0
2083,98.8324,1,5,3,0
2083,101.743,2,4,3,0
2085,99.6593,3,3,0,0
2085,99.6593,2,3,1,0
2086,101.276,1,4,2,0
2087,100.391,2,1,0,1
2088,98.3207,2,0,1,1
2088,98.6217,2,0,4,0
2088,101.276,2,4,4,0
2088,98.3207,1,0,5,1
2089,98.3207,1,0,2,1
2090,97.7695,2,2,0,0
2090,99.0607,3,0,0,0
2091,99.0607,1,0,1,0
2091,99.9113,1,5,1,0
2091,101.276,2,4,1,0
2095,101.313,2,3,0,0
2095,101.743,3,4,0,0
2095,101.887,2,2,2,0
2095,101.976,2,0,2,0
2096,97.5176,4,4,1,0
2097,97.4919,3,5,1,1
2100,97.3422,3,5,5,1
2101,98.7309,3,0,0,0
2101,98.9861,1,0,4,0
2102,98.9861,1,0,5,0
2102,99.2538,1,4,5,0
2103,99.2538,1,4,3,0
2103,99.4777,2,4,3,0
2103,99.9977,2,2,3,0
2104,98.7162,1,1,4,1
2104,97.3288,1,5,4,1
2105,99.2366,1,0,2,0
2106,99.2366,1,0,4,0
2106,99.329,4,0,4,0
2108,97.6293,2,3,0,0
2108,99.329,1,0,0,0
2108,99.4372,1,2,0,0
2108,99.4372,1,2,1,0
2108,97.3288,2,5,4,1
2108,97.3154,2,2,4,1
2110,99.4372,1,2,1,0
2110,100.189,3,2,1,0
2110,100.189,2,2,3,0
2110,101.059,2,1,3,0
2111,101.059,1,1,0,0
2111,101.482,1,4,0,0
2111,102.046,1,1,0,0
2111,98.0546,2,5,2,1
2111,97.8876,1,4,2,1
2114,100.66,2,5,5,0
2119,98.7353,3,2,1,1
2120,98.885,1,2,4,1
2121,100.66,3,5,0,0
2122,100.788,1,5,1,0
2122,101.812,1,3,2,0
2122,101.855,1,0,2,0
2123,100.984,1,1,0,1
2124,100.984,3,1,2,1
2124,101.266,2,5,5,0
2124,101.891,3,5,5,0
2128,100.915,1,4,1,1
2128,99.5765,1,4,1,1
2129,101.667,3,5,2,1
2129,99.5765,1,4,2,1
2130,99.6742,1,2,3,1
2130,99.5765,2,4,3,1
2131,99.8181,2,4,3,1
2131,99.5765,1,4,4,1
2131,99.2921,2,2,5,1
2131,98.885,1,2,5,1
2132,100.868,2,2,3,1
2133,98.885,2,2,4,1
2133,98.7642,1,0,4,1
2135,99.5222,5,0,2,0
2136,98.7642,1,0,0,1
2136,98.7353,1,2,0,1
2136,97.4887,3,3,0,1
2136,99.9497,2,1,5,0
2137,100.006,1,4,2,0
2137,100.618,1,4,2,0
2138,97.4887,2,3,3,1
2139,97.3132,2,5,0,1
2139,99.776,4,1,3,0
2139,99.776,1,1,5,0
2139,100.618,3,4,5,0
2140,99.9518,3,0,1,0
2140,97.3132,1,5,2,1
2140,97.3013,4,2,2,1
2140,97.3008,2,3,4,1
2144,97.9288,1,0,0,0
2144,97.3008,2,3,4,1
2144,97.2891,4,0,5,1
2144,97.2849,1,0,5,1
2145,97.6467,2,0,3,0
2145,97.6467,1,0,4,0
2145,97.9288,2,0,4,0
2145,98.4483,1,3,4,0
2146,98.4483,1,3,1,0
2148,99.2022,3,0,5,0
2150,99.2022,2,0,1,0
2150,99.6995,1,1,1,0
2151,99.0758,2,4,1,0
2152,99.3364,3,1,0,1
2152,98.6841,1,1,0,1
2154,99.2282,3,0,2,0
2154,99.6995,1,1,2,0
2155,99.6995,1,1,4,0
2157,99.6995,1,1,4,0
2158,99.6995,1,1,5,0
2158,99.7148,2,2,5,0
2159,99.7148,2,2,2,0
2160,99.7148,1,2,1,0
2160,99.9017,4,2,1,0
2160,100.326,4,1,4,0
2161,100.125,1,3,2,1
2161,99.6383,1,1,2,1
2162,100.618,1,4,4,0
2162,100.785,3,1,4,0
2163,98.6841,2,1,0,1
2164,99.3379,2,2,1,1
2164,100.785,1,1,2,0
2164,101.021,1,5,2,0
2164,99.3379,1,2,3,1
2164,98.6841,1,1,3,1
2164,98.6248,1,3,3,1
2169,98.4197,2,1,3,0
2170,98.4197,2,1,0,0
2170,100.933,3,0,0,0
2173,99.8531,1,4,2,0
2175,98.8819,3,4,2,1
2175,98.1789,2,0,2,1
2177,98.1789,1,0,1,1
2177,98.1789,2,0,4,1
2177,98.1455,1,0,4,1
2177,98.1455,1,0,5,1
2178,100.024,2,0,1,0
2178,98.1455,1,0,3,1
2178,98.061,1,3,3,1
2180,98.061,1,3,1,1
2180,97.9297,2,4,1,1
2180,98.3933,3,0,2,0
2180,100.024,2,0,2,0
2182,97.9297,1,4,0,1
2182,97.4348,2,3,0,1
2182,97.2849,1,0,0,1
2182,98.2647,1,2,2,0
2183,97.2849,2,0,3,1
2184,98.2647,1,2,4,0
2185,99.7834,3,5,0,0
2185,99.7834,1,5,2,0
2188,100.754,4,3,4,0
2189,100.185,2,2,0,1
2190,98.3169,2,3,5,1
2191,97.6365,1,5,0,0
2191,100.754,1,3,0,0
2191,100.817,1,5,0,0
2191,100.817,1,5,3,0
2191,101.021,1,5,3,0
2191,101.156,1,1,3,0
2191,97.2849,1,0,4,1
2191,97.2814,2,1,4,1
2192,98.9868,3,5,5,1
2193,100.265,1,0,3,0
2197,98.5892,1,3,0,1
2197,98.5892,1,3,2,1
2197,98.5892,3,3,4,1
2198,98.179,1,4,0,0
2199,100.213,3,4,2,0
2199,100.213,1,4,3,0
2199,100.265,2,0,3,0
2200,100.265,2,0,2,0
2200,100.594,1,5,2,0
2202,100.582,3,2,4,0
2203,99.9918,3,0,1,1
2204,100.582,1,2,3,0
2205,100.842,1,2,3,0
2207,101.156,1,1,1,0
2208,100.978,1,3,1,1
2208,101.156,1,1,2,0
2210,101.114,3,0,5,1
2210,100.978,1,3,5,1
2211,100.877,1,0,0,1
2211,100.877,4,0,4,1
2211,100.56,1,5,4,1
2212,100.56,1,5,1,1
2212,100.433,4,0,1,1
2212,101.156,1,1,3,0
2213,100.433,1,0,1,1
2213,100.085,1,0,1,1
2213,99.9918,1,0,1,1
2213,99.8574,3,2,2,1
2213,101.612,1,4,5,0
2214,99.8775,3,0,3,0
2215,99.8775,1,0,0,0
2217,99.8574,1,2,0,1
2218,99.8775,1,0,2,0
2218,101.199,3,4,2,0
2218,101.199,2,4,5,0
2218,101.717,2,1,5,0
2220,101.717,1,1,0,0
2220,98.7955,4,0,1,1
2220,99.4878,1,3,5,0
2221,98.6366,3,1,0,1
2221,98.6116,2,1,0,1
2221,99.4878,2,3,4,0
2221,101.743,1,0,4,0
2223,98.6116,1,1,2,1
2224,98.6116,2,1,0,1
2224,98.3296,3,1,0,1
2224,101.193,1,3,1,0
2224,101.743,2,0,1,0
2224,101.829,1,0,1,0
2225,101.78,1,1,4,0
2226,98.3296,2,1,2,1
2226,98.1278,1,1,2,1
2227,101.78,1,1,2,0
2228,101.78,1,1,2,0
2228,101.829,1,0,2,0
2229,101.772,1,0,4,1
2234,101.676,5,0,2,1
2234,100.635,1,4,5,1
2235,100.635,2,4,1,1
2235,99.5895,2,4,1,1
2235,99.5895,2,4,2,1
2236,99.5895,1,4,0,1
2236,98.9792,1,3,0,1
2236,100.911,3,1,3,1
2236,98.9792,2,3,3,1
2236,101.829,1,0,5,0
2236,101.842,1,5,5,0
2237,101.842,2,5,4,0
2237,101.891,1,5,4,0
2238,101.921,2,5,5,0
2238,101.927,1,4,5,0
2239,101.927,1,4,1,0
2240,101.927,1,4,2,0
2240,101.95,1,0,2,0
2241,101.501,2,4,1,1
2241,98.6115,3,4,1,1
2241,98.1278,1,1,3,1
2242,101.95,1,0,2,0
2242,102.057,2,4,2,0
2244,99.0644,3,0,2,0
2245,99.0644,1,0,1,0
2246,102.026,1,2,4,1
2252,102.057,1,4,5,0
2253,102.026,1,2,1,1
2254,102.026,2,2,1,1
2255,102.026,1,2,3,1
2255,101.452,1,1,3,1
2256,100.207,4,0,1,1
2257,100.445,2,4,0,1
2257,101.339,1,3,5,0
2258,100.528,1,2,2,1
2259,100.528,1,2,0,1
2259,100.445,2,4,0,1
2259,100.119,2,0,0,1
2259,101.749,4,4,3,0
2260,101.296,2,5,2,0
2260,102.057,2,4,2,0
2260,100.119,1,0,4,1
2260,99.6405,1,4,4,1
2261,101.107,2,0,5,0
2263,100.919,4,4,3,0
2263,101.549,1,4,3,0
2264,101.549,3,4,4,0
2267,99.6405,3,4,0,1
2267,99.4407,2,0,0,1
2274,101.552,2,3,2,1
2274,101.5,1,4,2,1
2274,101.27,1,2,4,1
2274,99.4407,1,0,4,1
2274,99.2505,1,1,4,1
2276,100.652,3,0,4,0
2278,100.198,1,0,3,0
2278,100.652,1,0,3,0
2278,100.773,1,5,3,0
2278,102.105,1,3,3,0
2280,100.938,1,4,0,0
2280,102.105,1,3,0,0
2280,102.161,1,1,0,0
2280,102.161,1,1,1,0
2280,102.173,3,5,1,0
2281,99.2505,3,1,0,1
2281,99.2505,1,1,1,1
2281,99.099,2,1,1,1
2281,102.173,2,5,2,0
2281,102.178,3,0,2,0
2283,100.571,2,0,2,0
2283,102.216,2,0,2,0
2283,102.216,2,0,3,0
2283,102.222,2,2,3,0
2285,100.426,4,1,3,1
2285,98.9727,3,1,5,1
2286,98.9727,2,1,0,1
2286,98.8773,1,4,0,1
2286,101.717,2,2,3,0
2287,102.222,1,2,4,0
2288,102.222,2,2,5,0
2289,102.272,2,1,0,0
2290,101.986,2,3,0,1
2290,102.287,1,5,1,0
2291,101.986,1,3,5,1
2292,100.08,1,5,4,0
2292,100.08,3,5,5,0
2292,102.287,1,5,5,0
2293,99.7918,4,1,3,0
2294,99.7918,1,1,2,0
2294,100.096,3,2,3,0
2294,102.287,1,5,4,0
2295,98.8773,1,4,2,1
2296,101.778,3,1,3,1
2296,102.287,2,5,4,0
2297,101.778,2,1,3,1
2297,100.579,1,2,3,1
2299,101.243,1,3,0,1
2300,100.579,3,2,3,1
2303,100.344,4,4,0,1
2303,100.344,1,4,5,1
2303,100.333,1,4,5,1
2305,101.52,2,4,3,1
2305,100.333,3,4,3,1
2306,101.313,1,5,0,1
2306,102.302,3,1,2,0
2306,102.389,3,3,4,0
2307,102.389,1,3,2,0
2307,102.431,1,2,2,0
2307,101.313,2,5,4,1
2307,100.333,1,4,4,1
2307,100.025,1,2,5,1
2307,99.8294,1,3,5,1
2308,100.309,1,1,2,0
2308,102.431,1,2,4,0
2308,102.44,2,1,4,0
2308,102.495,1,5,4,0
2308,102.513,1,4,4,0
2309,100.722,3,2,4,1
2309,98.8773,1,4,4,1
2310,101.869,1,2,0,0
2310,98.8773,2,4,4,1
2310,98.1278,1,1,4,1
2311,100.375,2,0,1,1
2311,100.375,2,0,4,1
2312,101.869,2,2,1,0
2312,102.244,2,5,1,0
2314,100.375,1,0,2,1
2314,100.341,2,5,2,1
2314,102.513,1,4,3,0
2315,100.396,2,5,1,0
2315,102.513,2,4,1,0
2315,102.513,1,4,2,0
2315,102.672,2,4,2,0
2317,101.335,3,3,0,1
2317,100.341,1,5,0,1
2317,101.346,2,2,1,0
2317,100.341,1,5,2,1
2317,100.15,2,1,2,1
2317,100.15,3,1,4,1
2319,101.409,4,2,1,1
2319,98.6367,1,3,1,1
2320,101.991,1,2,2,1
2321,102.014,1,4,1,0
2322,100.378,3,0,5,1
2322,100.32,2,3,5,1
2323,100.32,1,3,1,1
2323,98.6367,1,3,1,1
2323,98.6367,2,3,3,1
2323,98.1956,1,1,3,1
2324,98.1278,2,1,0,1
2324,98.0704,3,2,0,1
2324,100.88,2,3,1,0
2324,98.0704,1,2,3,1
2325,97.9398,2,2,3,1
2325,97.9115,3,5,3,1
2326,100.133,1,0,3,1
2328,100.133,1,0,0,1
2329,100.133,3,0,0,1
2329,99.8305,1,2,5,1
2330,99.8305,4,2,3,1
2332,97.9115,2,5,1,1
2334,98.8815,2,2,1,1
2334,98.437,1,1,4,0
2334,98.437,2,1,5,0
2334,98.9913,2,3,5,0
2334,100.117,1,0,5,0
2337,100.88,1,3,2,0
2337,98.0534,1,4,5,0
2338,99.3981,3,5,2,1
2338,99.3981,1,5,4,1
2339,99.8336,4,0,2,1
2339,98.3175,1,1,2,1
2339,98.3175,2,1,3,1
2339,97.8775,2,0,3,1
2339,97.8775,1,0,5,1
2340,100.073,4,3,3,0
2340,100.88,1,3,3,0
2341,99.4911,2,4,3,0
2341,100.145,1,3,5,1
2342,100.145,1,3,0,1
2342,97.7955,1,3,0,1
2342,102.014,3,4,1,0
2344,100.02,4,4,4,1
2345,102.165,1,5,2,0
2346,100.02,1,4,0,1
2346,99.9155,2,2,0,1
2346,98.5627,1,5,5,1
2346,97.7955,1,3,5,1
2346,97.7766,2,2,5,1
2348,101.232,1,4,0,0
2349,100.053,3,1,0,1
2349,100.053,1,1,1,1
2349,101.232,1,4,3,0
2352,101.016,3,3,3,1
2352,101.016,1,3,4,1
2352,100.053,1,1,4,1
2353,99.4601,2,2,2,1
2353,98.8337,2,3,2,1
2354,99.1445,2,5,0,1
2354,99.7888,1,4,1,0
2354,100.641,4,1,4,0
2355,100.641,1,1,0,0
2356,101.179,1,0,3,1
2356,99.967,2,1,3,1
2357,102.165,2,5,2,0
2357,102.672,1,4,2,0
2357,102.764,1,0,2,0
2359,102.316,2,0,1,1
2359,101.466,2,1,1,1
2360,102.069,2,3,2,1
2360,101.466,3,1,2,1
2361,101.088,3,0,1,1
2362,100.543,2,0,3,1
2362,99.967,1,1,3,1
2362,102.334,4,1,5,0
2364,99.9005,1,4,1,1
2364,99.2324,1,2,1,1
2364,99.2324,2,2,4,1
2366,102.054,3,0,2,0
2366,102.334,1,1,2,0
2367,101.761,2,0,2,1
2369,102.758,1,2,3,1
2369,100.197,2,2,3,1
2371,99.959,3,1,1,1
2371,101.724,1,4,5,0
2373,99.959,2,1,0,1
2373,99.2324,1,2,0,1
2373,99.2324,1,2,3,1
2373,99.1445,2,5,3,1
2374,101.724,3,4,3,0
2374,102.766,1,5,3,0
2374,99.1445,1,5,4,1
2374,98.9158,2,2,4,1
2376,100.693,2,0,0,1
2376,98.9158,1,2,2,1
2376,102.766,1,5,3,0
2376,102.783,4,1,3,0
2376,98.8337,1,3,4,1
2376,98.3705,1,2,4,1
2376,97.7894,1,5,4,1
2379,102.608,3,1,0,1
2379,99.1461,2,5,0,1
2379,98.1631,4,2,5,0
2382,98.8815,1,3,3,0
2382,99.654,2,1,3,0
2383,98.8585,1,0,0,1
2384,99.654,2,1,5,0
2384,100.092,3,4,5,0
2387,100.092,1,4,3,0
2387,100.771,1,2,3,0
2388,100.771,2,2,2,0
2389,98.8585,2,0,2,1
2389,100.771,1,2,5,0
2390,101.207,5,0,1,0
2390,100.878,4,5,3,1
2390,98.8585,1,0,4,1
2391,101.953,1,2,0,0
2392,101.826,1,2,0,1
2393,100.476,1,4,0,1
2393,99.4342,3,1,0,1
2393,99.4342,1,1,2,1
2393,98.6186,1,5,2,1
2393,98.5891,1,2,4,0
2393,101.908,3,3,4,0
2393,101.953,2,2,5,0
2393,102.343,1,4,5,0
2394,97.9361,2,2,2,1
2395,101.644,3,0,2,1
2396,101.644,2,0,1,1
2396,101.171,1,4,1,1
2396,100.829,1,1,2,0
2396,102.343,2,4,2,0
2396,102.792,1,0,2,0
2398,101.982,1,4,0,1
2399,97.9361,2,2,2,1
2401,99.299,2,2,4,0
2401,99.6414,2,1,4,0
2403,99.6414,1,1,5,0
2403,100.092,2,1,5,0
2405,100.092,1,1,0,0
2405,100.896,2,0,0,0
2405,101.368,2,2,0,0
2406,101.111,1,5,3,0
2407,101.111,3,5,2,0
2408,100.096,1,3,2,1
2408,99.1171,3,4,2,1
2408,101.111,1,5,3,0
2409,101.368,3,2,0,0
2409,101.516,1,5,0,0
2409,98.4639,1,0,4,1
2409,101.516,1,5,5,0
2409,102.368,2,2,5,0
2410,99.0304,5,1,3,1
2412,99.596,4,2,0,0
2412,99.7213,1,0,0,0
2412,98.5367,5,0,2,1
2412,99.7213,2,0,3,0
2413,99.9322,1,3,2,1
2416,101.608,3,4,1,0
2416,101.608,2,4,2,0
2416,102.368,1,2,2,0
2417,100.603,1,3,0,1
2417,99.9373,2,0,3,0
2418,99.9373,2,0,3,0
2418,100.575,1,2,3,0
2418,99.0264,2,0,4,1
2419,99.0264,1,0,3,1
2419,99.0146,1,3,3,1
2419,101.721,1,2,5,0
2420,102.368,1,2,2,0
2421,99.8593,1,1,1,1
2421,102.533,1,5,2,0
2422,102.702,3,2,0,1
2422,99.8593,3,1,4,1
2424,99.0572,2,1,2,0
2424,99.9892,2,4,2,0
2426,102.769,2,4,2,0
2428,101.239,1,2,1,1
2428,99.4175,3,3,1,1
2430,99.6231,2,0,3,0
2431,99.6231,1,0,4,0
2431,101.552,3,2,4,0
2431,102.769,1,4,4,0
2432,100.52,3,5,1,0
2432,102.769,2,4,1,0
2433,102.792,1,0,2,0
2434,100.929,2,3,3,1
2435,100.929,3,3,1,1
2435,99.0146,1,3,1,1
2438,99.0146,1,3,1,1
2442,101.334,2,4,0,1
2444,101.639,1,1,3,0
2444,102.301,4,0,3,0
2446,101.334,2,4,5,1
2447,101.334,1,4,1,1
2447,100.926,2,4,1,1
2447,99.3625,2,4,1,1
2448,99.3625,2,4,0,1
2448,102.648,2,2,3,0
2448,100.13,2,1,4,1
2449,100.13,3,1,2,1
2450,99.1781,1,4,0,0
2450,102.648,2,2,0,0
2450,102.793,1,1,0,0
2450,100.112,1,3,4,1
2450,99.0146,2,3,4,1
2451,99.8099,4,4,5,1
2452,99.0033,1,0,1,1
2452,98.7141,1,0,1,1
2453,98.93,2,3,0,1
2454,98.93,2,3,0,1
2454,98.93,1,3,4,1
2455,98.7141,1,0,1,1
2455,98.696,3,2,1,1
2455,98.7646,3,4,4,0
2457,101.212,2,4,1,1
2459,100.444,1,3,4,0
2459,100.963,3,0,4,0
2459,100.963,2,0,5,0
2459,101.633,2,0,5,0
2459,102.793,1,1,5,0
2461,102.793,1,1,2,0
2461,102.8,2,0,2,0
2461,102.81,2,1,2,0
2463,102.638,1,1,5,1
2464,102.638,4,1,3,1
2465,100.782,4,3,4,1
2466,101.04,1,3,1,0
2466,100.908,2,2,3,1
2467,100.782,1,3,0,1
2467,100.63,1,3,0,1
2467,100.109,3,2,0,1
2468,100.109,2,2,0,1
2468,102.81,1,1,1,0
2469,101.218,2,4,2,0
2469,102.14,1,2,4,1
2469,99.1077,2,5,5,1
2470,98.4765,1,0,1,0
2470,98.4534,2,5,3,1
2470,98.2877,1,2,3,1
2472,98.4765,3,0,2,0
2472,100.11,1,4,2,0
2473,100.11,2,4,4,0
2473,102.099,1,4,5,1
2474,102.099,2,4,0,1
2475,98.0668,3,3,0,1
2475,98.022,2,5,0,1
2478,99.1461,3,2,1,1
2478,99.4806,2,0,2,0
2478,99.4806,2,0,4,0
2478,102.056,1,0,4,0
2479,102.81,1,1,2,0
2479,102.812,1,1,2,0
2480,98.1622,2,4,5,1
2481,99.4103,1,3,4,0
2483,99.4103,1,3,0,0
2484,99.6871,4,0,5,1
2487,98.0977,1,5,1,0
2487,99.2053,1,0,1,0
2487,98.022,1,5,2,1
2487,99.2053,4,0,4,0
2487,99.3388,1,0,4,0
2488,100.302,2,1,4,0
2488,100.612,2,5,4,0
2489,100.612,2,5,4,0
2490,100.612,1,5,0,0
2490,101.943,1,3,0,0
2490,101.943,1,3,2,0
2490,102.812,3,1,2,0
2491,101.817,2,5,2,1
2491,101.817,3,5,3,1
2491,98.022,2,5,3,1
2494,100.342,2,5,1,0
2495,98.5407,2,0,4,1
2495,98.3064,3,4,4,1
2497,98.3064,1,4,1,1
2497,97.9361,1,2,1,1
2497,97.7894,1,5,1,1
2498,97.7894,3,5,0,1
2498,97.7851,4,0,2,1
2499,101.203,3,1,3,0
2500,101.203,2,1,4,0
2500,102.246,2,3,4,0
2501,99.198,1,2,3,0
2504,101.631,2,3,4,1
2507,100.726,2,0,4,0
2508,101.813,1,5,2,0
2511,101.537,1,2,2,1
2511,101.088,1,3,2,1
2511,100.573,1,1,2,1
2511,100.573,2,1,3,1
2512,101.03,1,5,2,1
2512,100.573,2,1,2,1
2512,100.321,1,4,2,1
2513,101.366,2,0,2,0
2513,101.813,2,5,2,0
2514,100.321,3,4,0,1
2514,100.321,1,4,1,1
2514,101.813,1,5,4,0
2514,101.974,2,1,4,0
2516,101.179,3,3,1,0
2516,101.974,1,1,2,0
2516,102.162,2,3,2,0
2516,102.246,2,3,2,0
2516,102.246,1,3,3,0
2516,102.323,1,2,3,0
2516,102.338,3,1,3,0
2518,102.59,1,2,0,0
2518,101.33,2,1,3,1
2518,99.7301,1,2,3,1
2519,102.59,1,2,2,0
2519,102.666,4,1,2,0
2520,102.45,1,5,3,1
2520,99.7301,4,2,3,1
2522,102.697,3,2,0,1
2522,100.404,4,2,5,1
2523,100.404,1,2,2,1
2523,100.147,1,4,2,1
2525,100.7,2,1,4,0
2525,102.06,1,5,4,0
2527,100.618,2,2,0,1
2527,100.147,3,4,0,1
2527,99.3922,4,4,2,1
2528,99.4382,5,2,4,0
2529,99.3922,1,4,3,1
2529,99.365,2,3,3,1
2530,99.4438,1,4,3,0
2531,99.4438,1,4,4,0
2531,99.4705,1,2,4,0
2531,101.04,1,3,4,0
2532,102.06,4,5,4,0
2532,102.276,1,1,4,0
2534,99.365,1,3,2,1
2534,99.257,3,4,2,1
2534,98.6963,1,2,2,1
2534,98.6963,1,2,4,1
2534,97.7851,1,0,4,1
2535,97.7683,1,0,1,1
2535,97.7632,3,2,1,1
2535,97.7632,1,2,4,1
2535,97.7561,1,0,4,1
2536,98.8113,3,2,1,0
2536,98.8113,1,2,5,0
2537,97.7561,2,0,2,1
2537,97.7349,3,2,2,1
2540,101.121,2,4,1,1
2540,101.121,1,4,2,1
2544,97.8003,2,2,1,1
2544,98.4216,2,0,2,0
2544,98.4851,2,2,2,0
2545,97.8003,3,2,5,1
2545,97.7349,1,2,5,1
2545,97.7108,1,5,5,1
2546,98.4851,2,2,1,0
2546,97.6972,3,5,3,1
2546,97.6656,2,4,3,1
2547,98.4851,1,2,4,0
2547,98.8157,4,3,4,0
2548,97.6656,2,4,2,1
2548,97.6425,1,3,2,1
2548,97.5914,1,1,2,1
2548,98.0743,1,1,3,0
2549,98.0743,1,1,1,0
2549,98.8157,1,3,1,0
2549,99.1523,1,2,3,0
2549,97.5914,4,1,5,1
2549,97.5724,1,3,5,1
2550,97.5724,3,3,4,1
2551,97.5724,1,3,1,1
2551,97.5594,1,1,1,1
2551,97.5446,1,3,1,1
2551,97.8386,3,2,4,0
2551,99.4263,1,2,4,0
2552,97.5446,1,3,5,1
2552,97.5236,1,2,5,1
2553,97.5224,1,5,3,1
2553,97.4814,1,1,3,1
2553,97.4797,1,2,3,1
2555,97.4146,1,0,2,1
2555,97.3897,2,4,2,1
2555,97.3543,1,0,2,1
2555,97.7822,3,2,4,0
2555,98.8013,2,0,4,0
2556,99.4263,3,2,4,0
2556,99.5355,2,3,4,0
2557,100.459,2,0,1,0
2557,100.59,1,4,1,0
2557,100.59,3,4,2,0
2558,99.7509,2,3,1,0
2558,99.2474,4,1,3,1
2561,97.3479,1,1,2,1
2561,97.338,3,0,2,1
2562,97.338,2,0,3,1
2562,97.3063,3,4,3,1
2562,97.2814,3,1,4,1
2563,97.6276,1,3,5,0
2563,98.4085,3,4,5,0
2565,97.273,4,5,3,1
2566,98.3402,2,2,3,0
2566,98.4085,2,4,3,0
2566,99.3794,2,3,4,0
2566,97.27,3,5,5,1
2566,97.2675,2,2,5,1
2568,97.6378,2,1,5,0
2568,99.3794,1,3,5,0
2568,99.6229,2,4,5,0
2569,99.6229,2,4,1,0
2569,99.668,2,4,1,0
2570,99.668,1,4,1,0
2570,99.7509,1,3,1,0
2570,100.085,1,4,1,0
2571,100.085,2,4,3,0
2571,100.291,2,1,3,0
2573,97.7334,2,2,1,1
2573,97.2675,1,2,1,1
2573,97.2669,1,5,1,1
2573,97.2604,1,1,1,1
2574,100.305,2,5,1,0
2575,98.5648,1,3,2,1
2576,100.305,1,5,0,0
2576,98.5648,1,3,1,1
2576,98.1128,2,2,1,1
2576,97.258,1,0,1,1
2576,97.2576,1,5,1,1
2576,99.6748,1,2,3,0
2578,99.6748,1,2,0,0
2578,99.7153,1,3,5,0
2579,100.305,2,5,1,0
2579,100.59,1,4,1,0
2581,100.244,1,5,3,1
2581,99.7046,3,0,3,1
2581,99.3689,1,1,3,1
2581,100.733,2,2,5,0
2583,100.733,2,2,2,0
2583,100.812,1,1,2,0
2583,99.3347,3,1,3,1
2585,100.812,1,1,4,0
2585,101.498,3,3,4,0
2586,99.3347,1,1,5,1
2587,97.9965,1,0,5,1
2588,97.2576,1,5,0,1
2588,97.2563,3,2,0,1
2588,97.2539,1,1,0,1
2588,97.6897,1,5,3,0
2589,97.6897,3,5,2,0
2590,99.6552,3,3,3,0
2590,101.498,1,3,3,0
2590,101.512,1,1,3,0
2591,99.1317,1,2,2,1
2592,98.4094,2,3,1,0
2592,99.0349,1,2,1,0
2592,101.512,3,1,2,0
2592,101.576,2,0,2,0
2594,101.576,1,0,2,0
2598,98.6594,2,1,3,0
2599,98.6594,3,1,0,0
2599,99.388,2,5,0,0
2599,99.388,2,5,1,0
2599,99.5089,3,3,1,0
2599,97.2503,1,3,2,1
2599,99.5089,2,3,5,0
2599,99.7879,1,3,5,0
2600,99.7879,1,3,2,0
2600,101.53,2,2,4,1
2601,101.53,1,2,1,1
2601,97.2503,1,3,1,1
2601,97.2443,1,0,1,1
2602,101.114,4,1,3,1
2605,101.576,2,0,1,0
2605,101.582,2,1,1,0
2606,101.383,2,3,4,1
2606,101.114,1,1,4,1
2607,101.582,2,1,1,0
2607,101.634,3,0,1,0
2608,100.31,1,5,2,1
2609,98.1754,2,2,3,0
2609,101.634,1,0,3,0
2609,101.885,1,3,3,0
2609,101.905,1,0,3,0
2610,98.1354,1,3,4,1
2610,97.8485,1,5,4,1
2610,101.905,3,0,5,0
2610,102.175,1,2,5,0
2611,97.8485,3,5,0,1
2613,101.038,1,4,1,1
2613,100.987,2,0,1,1
2615,102.276,2,1,0,0
2615,102.461,2,5,0,0
2616,100.987,1,0,0,1
2617,100.987,1,0,1,1
2618,101.282,3,3,4,1
2618,100.519,1,1,4,1
2618,102.461,3,5,5,0
2618,102.546,1,3,5,0
2620,102.546,2,3,1,0
2620,102.569,1,1,1,0
2620,100.519,2,1,3,1
2622,102.569,2,1,2,0
2622,102.642,2,1,2,0
2622,102.642,2,1,3,0
2624,102.677,2,5,1,0
2624,102.812,1,1,1,0
2624,102.815,1,2,1,0
2626,101.278,4,5,1,1
2626,101.278,1,5,2,1
2626,98.2513,2,2,2,1
2626,98.1729,1,3,2,1
2627,102.062,2,0,5,0
2627,102.19,2,1,5,0
2631,101.589,4,3,4,1
2631,99.6338,1,2,4,1
2631,99.6338,2,2,5,1
2632,98.1729,2,3,4,1
2633,98.8163,1,0,3,1
2633,98.1729,2,3,3,1
2635,101.657,1,0,1,1
2638,101.955,2,3,1,0
2638,101.657,1,0,3,1
2639,100.002,3,0,3,1
2639,98.496,5,4,4,1
2640,101.607,1,3,0,0
2640,101.955,2,3,0,0
2641,100.086,2,3,0,0
2641,101.91,1,0,3,1
2642,101.91,1,0,1,1
2642,98.1031,4,1,2,1
2645,101.627,1,1,3,1
2646,101.627,3,1,0,1
2646,101.627,1,1,3,1
2646,101.38,2,3,3,1
2646,101.38,2,3,5,1
2647,99.5407,2,5,1,0
2649,99.5407,1,5,4,0
2649,101.792,2,1,4,0
2649,102.062,2,5,4,0
2650,100.615,2,1,3,1
2650,99.5478,1,2,3,1
2651,99.6032,3,0,1,1
2652,102.062,1,5,0,0
2652,102.106,1,4,0,0
2652,102.163,3,5,0,0
2652,99.6032,1,0,1,1
2652,99.6032,1,0,4,1
2652,99.5478,3,2,4,1
2655,98.5449,1,4,1,0
2660,98.5547,2,1,5,1
2660,98.0435,1,2,5,1
2662,98.454,1,2,1,0
2662,98.9736,1,5,1,0
2664,98.0435,2,2,4,1
2664,98.0197,2,1,4,1
2665,98.9736,1,5,0,0
2665,99.3638,3,3,0,0
2666,99.3638,1,3,0,0
2666,99.4378,2,2,0,0
2666,98.0197,1,1,2,1
2666,97.8861,2,1,3,1
2667,97.8861,1,1,0,1
2667,97.8485,1,5,0,1
2667,97.6774,1,2,0,1
2667,97.6634,1,2,0,1
2668,99.0476,1,0,1,0
2668,97.6821,1,2,3,1
2669,99.0476,1,0,1,0
2669,97.6821,1,2,2,1
2669,97.6821,1,2,3,1
2669,97.6634,2,2,3,1
2669,97.655,2,4,3,1
2672,98.8835,5,5,0,0
2672,97.655,2,4,5,1
2676,98.4048,4,3,2,1
2676,97.3314,1,3,5,1
2677,97.3253,2,5,2,1
2677,98.5351,2,1,4,0
2677,99.0038,1,0,4,0
2678,98.2259,1,5,3,1
2679,99.0038,2,0,2,0
2679,99.0476,1,0,2,0
2680,98.2259,2,5,0,1
2680,97.3253,2,5,0,1
2680,97.2487,1,3,0,1
2681,98.6918,1,3,0,0
2681,99.0476,1,0,0,0
2681,97.2487,2,3,1,1
2681,99.0476,1,0,2,0
2681,99.4378,2,2,2,0
2682,99.7516,1,5,2,0
2682,99.7622,1,5,2,0
2682,100.502,1,5,2,0
2682,100.709,2,4,2,0
2684,97.2487,1,3,0,1
2684,100.709,2,4,2,0
2684,100.913,2,5,2,0
2684,101.118,1,0,2,0
2685,97.238,1,4,3,1
2685,97.2362,2,2,3,1
2687,97.2966,3,4,2,1
2687,99.4166,2,5,5,0
2688,100.109,1,3,0,0
2691,99.5116,1,5,0,1
2691,97.2966,1,4,0,1
2691,97.2327,1,4,0,1
2691,97.2327,3,4,1,1
2692,97.2258,1,2,0,1
2692,97.2159,3,2,0,1
2692,97.2121,1,4,0,1
2692,97.2121,2,4,2,1
2693,100.109,1,3,2,0
2693,101.118,1,0,2,0
2694,101.118,1,0,4,0
2697,101.118,1,0,1,0
2697,101.588,2,3,1,0
2697,101.696,1,2,1,0
2698,100.195,1,3,2,1
2698,97.2121,2,4,2,1
2698,97.2091,2,1,2,1
2698,97.2091,1,1,5,1
2698,97.2089,1,1,5,1
2700,97.2089,1,1,3,1
2701,97.3673,2,4,0,0
2701,100.889,2,2,1,0
2702,102.078,4,4,0,0
2702,102.078,1,4,3,0
2702,102.163,1,5,3,0
2702,102.19,2,1,3,0
2702,102.382,1,4,3,0
2703,101.695,3,1,0,1
2703,100.19,1,0,0,1
2704,100.19,1,0,5,1
2704,98.458,1,4,5,1
2704,97.7962,2,2,5,1
2704,97.2089,1,1,5,1
2706,99.4991,1,0,4,1
2709,99.4991,1,0,1,1
2709,99.4991,3,0,4,1
2709,97.2089,1,1,4,1
2710,100.266,1,5,3,0
2710,97.2059,2,1,5,1
2711,98.9197,1,1,2,1
2711,98.9133,2,2,5,0
2712,99.7642,4,3,5,1
2712,99.1946,1,5,5,1
2713,99.1946,1,5,2,1
2714,98.281,2,2,4,0
2715,98.281,1,2,4,0
2715,99.9547,3,3,4,0
2716,99.9547,1,3,2,0
2716,100.026,1,0,2,0
2716,100.266,1,5,2,0
2717,97.2059,1,1,0,1
2717,97.2038,1,4,0,1
2717,97.2032,1,1,0,1
2717,100.481,2,5,3,0
2718,100.481,1,5,4,0
2720,100.481,1,5,0,0
2720,101.317,3,2,0,0
2720,98.5566,3,0,1,1
2721,101.223,1,5,2,1
2721,98.5566,1,0,2,1
2721,97.2032,2,1,2,1
2722,99.6654,4,1,4,1
2722,97.2032,1,1,5,1
2722,97.2004,2,4,5,1
2723,97.2004,3,4,2,1
2723,97.1927,2,1,2,1
2724,101.553,2,3,4,0
2724,101.818,1,0,4,0
2725,101.818,1,0,1,0
2727,102.357,1,1,3,1
2728,100.772,3,3,5,1
2729,99.9483,1,4,1,1
2729,99.3205,1,4,1,1
2729,98.9051,3,0,5,1
2730,98.9051,2,0,3,1
2730,98.746,3,4,3,1
2732,100.47,1,4,0,0
2732,100.47,3,4,3,0
2732,100.959,1,4,3,0
2733,98.746,1,4,0,1
2733,98.5084,4,2,0,1
2734,100.414,4,2,3,0
2735,98.5084,1,2,1,1
2735,98.3519,1,2,1,1
2735,100.589,1,2,5,1
2737,98.8708,1,5,2,0
2738,97.6348,3,5,0,1
2738,97.1927,2,1,1,1
2738,97.1814,1,3,1,1
2738,100.116,1,3,3,0
2738,100.959,2,4,3,0
2738,101.39,2,3,3,0
2738,97.1814,4,3,5,1
2738,97.1808,1,5,5,1
2739,100.05,2,4,0,0
2745,100.251,2,2,2,1
2746,101.39,3,3,0,0
2747,100.251,2,2,0,1
2747,98.4509,1,5,0,1
2747,97.702,1,3,0,1
2747,97.1808,1,5,0,1
2748,97.1804,3,1,5,1
2748,97.1788,2,2,5,1
2751,100.097,1,0,4,0
2752,99.8976,5,1,3,0
2752,100.097,4,0,4,0
2752,100.175,1,0,4,0
2753,99.7946,2,0,0,1
2753,100.175,1,0,5,0
2754,101.444,4,1,4,0
2754,101.581,1,3,4,0
2755,100.345,2,5,0,1
2757,100.345,2,5,4,1
2757,99.7946,1,0,4,1
2758,99.7946,2,0,1,1
2758,99.0405,1,1,1,1
2758,98.5077,2,4,1,1
2759,100.369,1,3,0,0
2759,101.781,4,0,0,0
2760,98.5077,2,4,4,1
2760,98.2778,3,1,4,1
2762,98.5903,1,1,3,1
2762,98.2778,1,1,4,1
2762,98.0603,1,1,4,1
2762,97.8692,2,5,4,1
2765,99.4526,3,1,2,0
2765,102.15,1,0,2,0
2766,102.15,1,0,4,0
2766,102.173,1,2,4,0
2766,102.363,3,2,4,0
2767,101.42,3,2,2,1
2768,101.42,2,2,2,1
2768,99.1135,3,4,2,1
2769,99.1135,1,4,3,1
2769,98.0749,3,2,3,1
2771,98.1149,1,4,0,0
2771,98.1149,4,4,5,0
2772,100.798,1,2,3,1
2773,100.633,3,3,0,0
2777,100.633,1,3,0,0
2777,99.739,2,4,1,1
2777,99.739,3,4,4,1
2777,98.0749,1,2,4,1
2777,98.0749,1,2,5,1
2777,98.0597,1,5,5,1
2778,98.0597,4,5,0,1
2778,97.8692,3,5,1,1
2778,97.739,4,1,4,1
2778,97.6483,1,2,4,1
2783,97.3965,2,0,5,1
2784,97.3965,1,0,3,1
2784,97.1863,1,4,3,1
2784,97.5742,4,5,5,0
2784,98.8189,1,4,5,0
2786,97.4227,3,4,3,0
2787,98.9098,1,1,0,0
2788,98.9098,4,1,0,0
2788,99.4205,3,5,3,0
2788,99.9562,1,3,3,0
2789,97.1785,3,4,3,1
2791,99.5739,4,1,4,1
2792,99.5739,1,1,1,1
2792,97.6508,3,0,1,1
2793,99.9562,4,3,0,0
2793,100.17,1,1,0,0
2793,97.6508,2,0,4,1
2793,97.2603,2,4,5,0
2794,97.1785,1,4,0,1
2794,97.2603,1,4,1,0
2794,100.17,1,1,1,0
2795,100.17,1,1,3,0
2795,101.854,1,1,5,0
2796,101.116,2,3,0,1
2796,101.116,2,3,2,1
2796,98.2081,3,5,2,1
2796,101.854,1,1,3,0
2796,101.91,1,3,3,0
2796,102.015,2,4,3,0
2798,98.7687,1,1,2,1
2798,98.2081,1,5,2,1
2798,97.6459,2,1,2,1
2798,98.6581,3,3,4,0
2800,98.6581,2,3,0,0
2800,99.5162,1,5,0,0
2803,99.3584,1,3,5,0
2805,99.3584,2,3,4,0
2805,99.3584,1,3,5,0
2805,99.5162,3,5,5,0
2808,97.7085,3,4,2,0
2808,98.1914,2,1,2,0
2808,98.1914,2,1,3,0
2809,98.1914,1,1,0,0
2809,98.3274,1,4,0,0
2809,98.3274,2,4,2,0
2809,97.6459,2,1,4,1
2809,97.2814,2,3,4,1
2811,98.3274,2,4,0,0
2811,99.7299,2,3,0,0
2811,100.697,1,4,0,0
2811,97.2814,1,3,2,1
2811,97.1696,3,3,2,1
2812,97.1696,2,3,0,1
2812,97.1638,2,4,0,1
2813,100.471,3,2,0,1
2814,100.697,2,4,4,0
2815,100.471,2,2,4,1
2815,99.6744,3,5,4,1
2816,100.697,1,4,1,0
2816,99.6744,2,5,2,1
2817,99.2204,1,2,1,0
2817,100.957,4,2,3,0
2819,100.103,3,1,1,1
2820,101.922,3,1,4,0
2821,101.922,2,1,1,0
2823,100.103,1,1,5,1
2824,98.4217,1,5,4,0
2825,98.0737,3,2,3,1
2825,97.7161,1,5,3,1
2825,97.7161,2,5,4,1
2826,98.3063,2,3,5,0
2827,98.2038,2,4,3,1
2827,98.2038,1,4,4,1
2827,97.7161,2,5,4,1
2827,97.5438,1,3,4,1
2827,97.1638,1,4,4,1
2829,98.3063,2,3,4,0
2829,98.4217,1,5,4,0
2829,98.4217,1,5,5,0
2829,99.8803,1,1,5,0
2829,101.288,3,5,5,0
2831,98.5037,1,0,3,0
2832,98.5037,3,0,3,0
2832,101.288,2,5,4,0
2832,102.015,1,4,4,0
2834,101.865,3,5,1,0
2837,101.421,2,3,0,1
2837,101.325,1,5,0,1
2837,101.325,4,5,4,1
2838,101.865,2,5,0,0
2838,102.015,1,4,0,0
2838,102.119,1,1,0,0
2838,102.304,1,2,2,0
2839,99.5297,1,3,2,1
2839,99.5297,1,3,3,1
2841,100.313,2,5,1,0
2845,101.537,1,0,3,1
2845,101.376,3,1,4,1
2845,101.052,1,1,4,1
2845,100.828,1,4,4,1
2846,101.858,3,4,0,0
2846,100.828,1,4,5,1
2846,100.337,3,1,5,1
2847,100.116,1,4,0,1
2848,100.26,1,5,1,0
2849,100.116,2,4,1,1
2849,100,1,0,1,1
2849,100,2,0,5,1
2849,99.4593,1,3,5,1
2850,101.279,1,1,0,0
2852,101.279,1,1,0,0
2852,102.304,3,2,4,0
2852,102.37,2,3,4,0
2852,101.197,1,1,5,1
2854,101.676,1,5,4,1
2854,101.676,2,5,5,1
2855,102.376,3,0,0,0
2855,102.381,1,2,0,0
2856,102.382,1,4,2,0
2856,101.787,1,1,4,1
2857,101.787,2,1,2,1
2857,101.676,2,5,2,1
2858,101.339,1,1,4,1
2861,102.403,1,3,4,0
2861,102.408,1,1,4,0
2861,101.339,2,1,5,1
2862,101.339,2,1,0,1
2862,101.197,3,1,0,1
2862,100.234,1,1,2,0
2862,102.408,3,1,3,0
2862,102.424,2,3,3,0
2863,99.922,2,2,0,1
2863,99.922,1,2,1,1
2863,99.5702,1,2,1,1
2864,100.924,1,2,2,0
2865,99.5702,1,2,2,1
2865,99.4593,4,3,2,1
2866,100.924,1,2,0,0
2866,101.016,4,4,0,0
2867,99.758,2,4,3,1
2867,101.016,1,4,5,0
2867,101.165,3,0,5,0
2870,101.632,1,3,2,1
2871,102.048,3,5,1,0
2871,102.442,2,2,2,0
2872,101.632,2,3,1,1
2872,99.4563,3,5,1,1
2873,100.633,2,0,5,0
2874,100.633,3,0,0,0
2874,102.442,2,2,0,0
2875,102.442,1,2,2,0
2875,102.535,1,0,2,0
2876,99.7674,2,4,0,1
2876,99.4563,2,5,0,1
2879,100.233,1,5,2,0
2879,102.34,2,1,2,0
2879,102.535,3,0,4,0
2879,102.541,1,3,4,0
2880,102.541,3,3,2,0
2881,99.2278,1,0,0,1
2881,102.541,1,3,1,0
2881,102.56,1,2,1,0
2881,102.561,1,0,1,0
2881,102.6,1,2,1,0
2881,102.625,1,5,1,0
2882,99.2278,1,0,3,1
2882,99.124,2,3,3,1
2882,99.0934,2,0,3,1
2883,100.141,1,0,2,0
2884,99.0934,1,0,3,1
2885,99.0934,1,0,0,1
2886,100.141,2,0,1,0
2890,99.5487,1,0,2,0
2890,99.5487,1,0,3,0
2890,100.141,2,0,3,0
2890,100.229,1,5,3,0
2890,100.229,1,5,5,0
2891,100.658,4,0,0,0
2892,99.5496,3,2,4,0
2893,99.0934,1,0,4,1
2896,99.0644,2,1,3,1
2896,98.9211,2,3,3,1
2896,98.829,1,5,3,1
2896,98.5832,1,3,4,1
2896,98.3787,1,2,4,1
2899,99.5496,1,2,1,0
2900,98.3787,2,2,3,1
2901,98.3725,2,5,0,1
2903,98.6474,2,5,3,1
2903,99.8462,2,1,4,0
2905,98.9458,2,1,3,0
2905,98.6474,2,5,5,1
2905,98.3725,2,5,5,1
2905,98.3645,1,3,5,1
2906,98.9458,3,1,0,0
2908,98.8365,2,3,1,0
2909,99.2358,1,1,1,1
2909,99.8462,1,1,2,0
2909,99.8943,1,2,2,0
2910,100.616,2,0,1,0
2910,100.616,1,0,4,0
2912,100.597,2,2,0,1
2912,99.2358,2,1,1,1
2912,98.3645,3,3,1,1
2913,98.3645,1,3,1,1
2913,98.0516,3,3,1,1
2913,98.0516,1,3,3,1
2913,97.9967,4,4,3,1
2914,97.9967,1,4,0,1
2914,97.9096,1,1,0,1
2914,97.8868,2,0,0,1
2915,98.5081,2,5,1,0
2915,99.3304,2,4,1,0
2916,99.5583,2,2,5,1
2917,97.8373,2,2,0,1
2917,97.8373,2,2,2,1
2917,97.7638,2,3,2,1
2918,97.7638,3,3,3,1
2919,97.7572,3,1,2,1
2919,97.7572,1,1,5,1
2919,97.7051,1,0,5,1
2919,97.1638,1,4,5,1
2920,97.1638,1,4,2,1
2920,97.1627,1,0,2,1
2921,97.1627,1,0,0,1
2921,97.1584,2,5,0,1
2921,97.9959,3,0,5,0
2923,97.9959,1,0,1,0
2923,98.3198,1,5,3,0
2926,97.8782,1,5,0,0
2926,97.8782,2,5,2,0
2926,98.3198,1,5,2,0
2926,98.6746,1,3,2,0
2928,97.1584,2,5,0,1
2928,97.4254,4,5,3,0
2928,97.8764,1,2,3,0
2931,97.8764,1,2,0,0
2933,97.8764,1,2,0,0
2934,97.3905,1,3,0,1
2934,97.1584,1,5,1,1
2934,97.1521,3,1,1,1
2935,97.8764,2,2,1,0
2935,98.6746,2,3,1,0
2935,99.5265,1,1,1,0
2935,99.5265,2,1,4,0
2937,97.1521,1,1,1,1
2937,97.1518,4,0,1,1
2938,97.1518,1,0,2,1
2938,97.1517,4,2,2,1
2939,97.8486,1,3,4,0
2940,97.2476,2,5,4,1
2940,97.1774,1,1,4,1
2941,99.0958,1,2,3,0
2943,97.3319,3,3,3,1
2943,99.0958,3,2,4,0
2943,99.5265,2,1,4,0
2944,97.3848,2,2,5,1
2947,99.2017,1,2,1,0
2947,97.1517,1,2,5,1
2947,97.1503,1,2,5,1
2951,98.7656,1,2,0,0
2951,97.1503,4,2,3,1
2952,98.7656,4,2,3,0
2953,97.453,1,5,4,0
2953,98.7843,1,1,4,0
2953,98.7843,2,1,5,0
2954,97.2187,3,4,3,1
2955,98.7843,2,1,2,0
2955,99.2017,3,2,2,0
2955,97.2187,1,4,4,1
2955,99.2035,1,0,5,0
2957,97.2187,1,4,2,1
2957,97.1414,3,4,2,1
2960,97.5278,3,2,2,0
2960,97.1414,2,4,3,1
2960,97.1386,2,1,3,1
2960,97.5278,2,2,5,0
2960,99.2035,1,0,5,0
2960,99.3003,1,1,5,0
2961,99.3003,2,1,0,0
2961,99.6241,2,2,0,0
2962,99.6241,1,2,4,0
2963,99.9976,2,1,0,0
2963,100.144,1,1,0,0
2963,100.144,2,1,2,0
2965,100.159,1,2,3,1
2965,98.6362,2,4,3,1
2965,98.3491,1,3,3,1
2966,98.0452,1,3,2,0
2967,99.1755,1,3,0,0
2968,98.4566,2,2,0,1
2968,98.1949,3,0,1,0
2968,99.1755,2,3,1,0
2968,99.1755,1,3,3,0
2968,100.473,1,2,3,0
2968,100.48,3,0,3,0
2968,100.48,1,0,4,0
2969,99.0278,1,2,3,0
2969,99.0278,2,2,5,0
2970,98.0926,1,5,2,1
2970,98.8129,2,1,3,0
2973,98.0926,1,5,0,1
2975,98.8129,3,1,0,0
2975,100.303,1,0,0,0
2975,100.616,1,0,0,0
2975,98.1685,2,4,1,1
2975,98.0926,1,5,1,1
2975,97.9863,2,2,1,1
2975,100.79,1,3,2,0
2976,100.79,4,3,5,0
2976,100.807,1,1,5,0
2977,100.872,1,0,5,0
2978,100.872,1,0,5,0
2980,97.7155,3,5,1,1
2982,100.8,1,2,3,0
2982,100.913,3,0,3,0
2983,100.96,1,1,4,0
2983,101.13,2,1,4,0
2984,100.675,3,1,5,1
2987,101.004,3,1,4,0
2987,101.13,2,1,4,0
2988,101.206,2,1,2,0
2988,101.218,3,5,2,0
2988,100.701,1,0,4,1
2988,100.675,2,1,4,1
2988,100.561,1,5,5,1
2990,100.561,2,5,2,1
2994,101.001,3,0,1,0
2994,101.218,1,5,4,0
2995,101.218,1,5,0,0
2996,101.263,2,2,5,0
2998,101.263,1,2,5,0
2998,101.391,1,2,5,0
2998,101.394,1,5,5,0
2999,100.813,2,3,2,1
2999,100.561,1,5,2,1
2999,100.284,1,4,2,1
3000,101.394,1,5,5,0
3000,101.433,4,0,5,0
3001,101.44,1,0,2,0
3001,101.456,3,1,2,0
3002,100.284,2,4,2,1
3002,100.055,1,3,2,1
3003,100.582,2,0,1,0
3003,100.582,1,0,3,0
3003,101.456,2,1,3,0
3003,101.574,2,4,3,0
3004,101.574,2,4,1,0
3005,100.918,1,3,0,1
3005,100.272,2,5,0,1
3005,100.055,1,3,0,1
3005,99.7216,1,2,0,1
3005,101.115,3,4,3,0
3005,101.589,2,4,3,0
3006,101.593,1,2,1,0
3007,99.6011,1,5,1,1
3008,100.004,5,3,2,1
3010,101.593,1,2,1,0
3010,101.6,1,1,1,0
3011,99.6011,1,5,1,1
3011,99.4876,4,4,1,1
3011,101.6,1,1,2,0
3011,101.6,3,1,3,0
3011,101.717,1,5,3,0
3012,101.427,2,0,1,1
3012,99.4876,1,4,1,1
3013,101.717,2,5,3,0
3013,101.724,1,1,3,0
3015,99.2869,1,0,1,1
3016,99.5534,1,5,4,0
3017,101.229,1,3,3,0
3017,101.724,1,1,3,0
3018,99.9236,2,4,2,1
3018,99.4582,1,2,2,1
3019,101.724,3,1,0,0
3019,101.731,2,5,0,0
3020,99.4582,3,2,4,1
3020,99.2869,1,0,4,1
3020,99.018,1,2,4,1
3021,100.831,1,3,1,0
3021,101.731,1,5,1,0
3021,101.803,1,4,1,0
3021,101.805,1,2,1,0
3021,99.018,2,2,4,1
3022,99.018,1,2,5,1
3024,99.4217,1,3,3,1
3024,98.829,3,2,3,1
3026,101.445,1,2,0,0
3026,101.788,3,1,0,0
3026,101.805,1,2,0,0
3026,98.829,1,2,5,1
3027,101.881,1,4,0,0
3028,101.58,3,5,4,0
3028,101.881,2,4,4,0
3030,98.6472,1,5,3,1
3030,98.5941,2,4,3,1
3030,98.4083,2,3,3,1
3031,98.7038,5,4,5,0
3032,100.082,3,0,1,1
3033,101.881,1,4,0,0
3033,101.895,2,1,0,0
3033,98.4083,1,3,5,1
3034,98.4083,2,3,5,1
3034,98.2771,2,3,5,1
3034,98.2653,1,4,5,1
3036,99.155,3,5,2,0
3037,101.869,1,2,1,0
3037,98.2119,1,5,2,1
3037,98.0693,1,5,2,1
3041,98.566,2,2,4,1
3041,98.0693,2,5,4,1
3041,99.2551,4,5,5,0
3042,98.0369,2,0,3,1
3043,100.218,1,1,0,0
3043,99.9266,1,2,3,0
3043,99.9266,3,2,4,0
3043,100.218,1,1,4,0
3045,101.405,4,5,5,0
3047,100.922,2,2,4,1
3047,100.413,1,1,4,1
3049,100.413,1,1,0,1
3049,100.369,2,0,0,1
3049,101.405,1,5,3,0
3049,101.766,1,0,3,0
3050,100.901,2,1,2,1
3050,100.227,1,1,2,1
3050,101.766,3,0,5,0
3052,101.869,2,2,5,0
3052,101.895,1,1,5,0
3053,101.895,2,1,5,0
3054,101.908,3,5,3,0
3054,101.979,1,2,3,0
3054,101.12,3,0,4,1
3054,100.227,2,1,4,1
3055,100.227,1,1,1,1
3055,99.5775,1,1,1,1
3055,98.4335,2,1,5,0
3056,99.8087,2,5,4,1
3057,100.956,2,4,3,0
3059,101.086,2,5,1,0
3059,100.991,3,3,4,1
3059,99.8087,1,5,5,1
3059,99.1876,1,0,5,1
3062,99.1876,3,0,1,1
3062,98.3017,1,2,1,1
3062,98.0094,1,4,1,1
3062,100.819,3,0,3,0
3062,101.928,1,0,3,0
3063,98.0094,1,4,2,1
3063,97.9706,2,2,2,1
3063,98.118,1,5,4,0
3063,100.228,2,1,4,0
3063,101.979,2,2,4,0
3064,97.9706,1,2,2,1
3064,97.7316,1,2,2,1
3064,97.7155,1,5,2,1
3064,97.6197,1,5,2,1
3064,97.531,1,2,2,1
3064,101.979,1,2,4,0
3064,102.078,3,3,4,0
3066,102.078,1,3,4,0
3068,102.083,1,1,0,0
3068,102.156,1,3,0,0
3068,102.156,1,3,5,0
3068,102.202,1,3,5,0
3068,102.229,1,2,5,0
3069,101.435,4,1,2,1
3069,100.099,1,2,2,1
3070,102.23,3,3,3,0
3071,98.1211,2,3,1,1
3071,97.5,3,4,1,1
3074,100.423,3,4,1,1
3074,100.423,2,4,3,1
3074,98.6871,3,0,3,1
3074,102.23,1,3,5,0
3077,100.088,4,3,2,1
3078,98.6871,2,0,1,1
3078,97.5,2,4,1,1
3080,97.4142,2,2,0,0
3081,99.9208,2,0,2,0
3081,102.23,1,3,5,0
3081,102.234,1,4,5,0
3081,102.311,1,1,5,0
3081,102.315,2,0,5,0
3086,101.438,1,2,4,1
3086,98.4243,1,0,4,1
3086,98.1613,1,3,4,1
3086,97.3494,2,0,4,1
3087,102.315,1,0,4,0
3089,101.203,3,4,2,1
3089,101.203,1,4,4,1
3089,98.9685,3,0,4,1
3091,102.108,3,3,3,1
3092,102.108,1,3,1,1
3092,102.087,1,1,5,0
3092,102.142,4,5,5,0
3094,101.837,3,0,2,1
3094,102.315,1,0,3,0
3094,102.353,3,0,3,0
3095,100.674,2,2,4,1
3095,98.4026,2,0,4,1
3096,97.6261,4,0,5,1
3099,97.6261,1,0,0,1
3099,97.3494,2,0,0,1
3099,97.3459,1,4,0,1
3099,97.2649,1,5,5,1
3099,97.1386,1,1,5,1
3100,97.1386,2,1,2,1
3102,97.8958,2,2,0,0
3102,97.8958,2,2,4,0
3102,99.4122,1,3,4,0
3102,100.203,1,1,4,0
3102,101.849,1,5,4,0
3104,100.843,1,2,0,0
3105,100.843,2,2,0,0
3106,97.7069,2,3,4,0
3106,100.843,1,2,4,0
3106,101.849,1,5,4,0
3106,102.353,1,0,4,0
3107,100.957,1,1,5,0
3109,100.907,1,0,1,0
3109,100.957,1,1,1,0
3109,102.359,2,0,4,0
3110,102.359,2,0,0,0
3110,102.362,1,2,0,0
3110,102.399,2,4,0,0
3113,102.33,1,5,5,1
3113,102.025,3,2,5,1
3114,102.399,1,4,4,0
3115,101.948,1,1,3,1
3115,102.412,1,2,5,0
3115,102.423,1,1,5,0
3117,102.368,1,0,0,0
3117,102.423,1,1,0,0
3117,102.489,2,0,0,0
3117,102.549,1,1,0,0
3117,101.948,1,1,5,1
3120,101.473,4,2,1,1
3121,100.214,1,3,1,1
3121,100.046,1,3,1,1
3122,100.748,1,1,1,0
3122,102.549,3,1,1,0
3123,102.609,1,2,1,0
3123,102.621,1,2,1,0
3124,100.046,1,3,5,1
3128,99.8997,4,0,4,1
3129,100.302,2,2,0,0
3129,99.8666,1,2,1,1
3130,100.302,1,2,2,0
3130,100.543,4,0,2,0
3130,102.625,2,5,5,0
3132,99.8666,1,2,1,1
3135,99.7303,1,3,0,1
3135,99.6033,2,2,0,1
3135,100.442,2,1,4,0
3135,102.461,3,4,4,0
3136,102.666,5,2,4,0
3138,101.151,1,5,2,1
3138,101.151,1,5,4,1
3138,100.622,2,0,4,1
3139,100.622,2,0,1,1
3143,100.701,4,4,5,1
3144,100.72,1,4,4,0
3145,100.705,5,2,3,0
3146,100.701,1,4,0,1
3146,100.622,1,0,0,1
3146,99.6033,2,2,0,1
3146,99.4626,1,3,0,1
3147,100.72,1,4,4,0
3147,101.193,3,5,4,0
3149,98.8067,2,5,3,1
3151,100.133,2,2,3,1
3151,99.0696,1,4,5,0
3151,101.339,4,0,5,0
3152,101.339,1,0,4,0
3153,101.726,1,4,1,1
3153,98.6944,2,3,1,1
3153,98.5856,1,4,1,1
3158,101.453,4,3,2,1
3159,101.832,1,3,1,0
3159,101.453,1,3,2,1
3161,101.568,1,0,2,1
3164,101.568,1,0,1,1
3166,101.568,2,0,2,1
3166,101.372,1,0,2,1
3166,101.832,1,3,4,0
3167,101.372,1,0,0,1
3167,101.27,3,5,0,1
3168,101.469,1,2,0,1
3168,101.469,4,2,1,1
3168,101.036,1,2,1,1
3170,101.832,3,3,1,0
3170,102.079,1,4,1,0
3172,102.079,3,4,2,0
3173,101.933,3,3,0,1
3173,101.036,2,2,0,1
3173,101.036,2,2,1,1
3173,100.955,1,0,1,1
3173,100.822,2,1,1,1
3173,100.822,2,1,2,1
3173,100.764,1,3,2,1
3173,100.316,1,1,2,1
3175,102.015,2,5,1,1
3175,102.105,1,2,4,0
3176,102.015,2,5,0,1
3176,100.267,3,4,0,1
3176,100.063,3,1,3,1
3176,99.1818,1,5,3,1
3176,102.105,4,2,5,0
3177,102.693,2,0,2,0
3177,102.698,1,4,2,0
3177,102.701,1,4,2,0
3178,100.22,4,1,4,1
3180,99.176,2,4,0,1
3180,99.1529,1,5,0,1
3180,98.5856,2,4,0,1
3181,98.5714,4,4,2,1
3181,98.5502,2,2,3,1
3181,98.4109,1,5,3,1
3181,98.389,1,0,3,1
3183,99.1206,1,0,4,0
3184,99.7407,2,1,4,0
3185,101.915,1,5,1,1
3185,101.915,2,5,3,1
3186,102.701,1,4,0,0
3189,101.161,1,4,2,0
3189,101.28,2,0,2,0
3189,101.605,2,1,2,0
3194,100.096,4,0,2,1
3195,101.605,2,1,0,0
3195,101.714,2,5,0,0
3195,100.27,3,4,1,1
3197,101.779,1,3,2,0
3197,101.897,2,2,4,1
3197,101.262,3,3,4,1
3199,102.324,2,5,1,1
3199,101.318,2,1,1,1
3199,101.318,2,1,3,1
3199,101.262,1,3,3,1
3202,101.957,2,0,0,1
3202,102.386,1,4,1,0
3202,101.957,1,0,4,1
3203,100.52,2,2,1,1
3203,100.52,1,2,3,1
3203,100.27,2,4,3,1
3203,101.518,3,0,5,0
3203,102.386,2,4,5,0
3206,102.386,2,4,5,0
3207,102.701,1,4,3,0
3208,100.162,2,3,2,1
3210,100.162,1,3,0,1
3210,100.096,1,0,0,1
3210,99.9919,2,5,0,1
3210,101.514,1,5,4,0
3211,99.9919,3,5,5,1
3213,99.2863,4,5,0,1
3213,100.954,4,1,4,0
3213,101.506,2,2,5,0
3214,101.506,1,2,1,0
3217,101.506,2,2,5,0
3218,100.343,3,3,5,1
3219,102.698,5,5,4,0
3220,102.701,1,4,2,0
3220,102.724,2,2,2,0
3223,102.48,2,1,1,1
3223,102.48,1,1,3,1
3223,100.401,3,2,3,1
3223,100.401,1,2,4,1
3223,100.343,1,3,4,1
3225,100.343,1,3,0,1
3225,100.103,1,0,0,1
3227,100.103,2,0,4,1
3227,99.8499,1,0,4,1
3227,99.5099,2,2,4,1
3228,100.491,3,0,1,0
3228,99.5099,2,2,2,1
3228,99.2863,1,5,4,1
3228,99.1705,1,1,4,1
3228,99.1535,3,3,4,1
3230,98.7933,2,5,0,1
3230,100.491,1,0,2,0
3230,98.7933,3,5,4,1
3230,98.7097,2,3,4,1
3233,99.8382,2,5,1,1
3233,100.491,1,0,3,0
3233,100.995,1,5,3,0
3233,102.724,2,2,3,0
3233,99.8382,3,5,4,1
3235,98.7097,2,3,0,1
3235,98.631,1,5,0,1
3235,98.6143,2,3,0,1
3235,98.6143,1,3,4,1
3235,98.4692,1,4,4,1
3235,98.4291,1,1,4,1
3236,99.0337,1,4,1,0
3237,98.4291,2,1,2,1
3237,98.4093,3,4,2,1
3237,99.0337,1,4,5,0
3238,101.465,4,5,1,1
3242,98.389,3,0,2,1
3243,100.136,2,1,0,0
3243,100.136,2,1,3,0
3243,101.577,2,1,3,0
3244,101.906,1,3,3,1
3244,101.761,2,3,5,0
3245,101.761,2,3,0,0
3245,102.169,1,2,5,0
3246,99.0964,2,2,0,1
3246,98.389,1,0,0,1
3246,98.3621,2,1,0,1
3247,98.3043,1,3,3,1
3248,98.3043,3,3,1,1
3248,98.2403,2,0,1,1
3249,98.2403,2,0,0,1
3249,98.1947,3,0,0,1
3250,98.1925,1,1,0,1
3254,102.046,1,3,0,1
3254,101.832,1,0,0,1
3254,101.832,1,0,3,1
3254,101.385,3,4,4,1
3256,100.381,2,5,2,1
3256,100.307,2,3,2,1
3256,102.169,1,2,4,0
3256,102.746,1,5,4,0
3256,102.779,2,5,4,0
3257,102.779,1,5,2,0
3258,100.307,2,3,0,1
3258,100.159,2,1,0,1
3258,100.159,2,1,5,1
3258,99.9741,1,2,5,1
3262,101.631,3,4,1,1
3264,101.801,2,0,1,1
3264,101.631,1,4,1,1
3264,102.206,1,5,2,0
3264,102.206,2,5,3,0
3264,102.298,1,3,3,0
3265,101.631,1,4,0,1
3265,101.115,2,5,0,1
3265,101.115,1,5,4,1
3265,100.339,1,0,4,1
3267,101.854,1,0,2,1
3267,100.339,3,0,4,1
3267,98.8231,2,1,4,1
3267,98.7482,3,1,5,1
3269,102.803,3,2,1,0
3269,99.9353,2,1,2,1
3271,100.688,2,4,0,0
3271,102.61,3,2,4,0
3272,101.45,2,4,5,0
3274,101.45,2,4,5,0
3279,101.362,1,0,1,1
3281,101.087,3,3,3,1
3282,101.503,1,3,5,0
3282,101.562,2,1,5,0
3285,101.087,1,3,3,1
3286,101.087,1,3,3,1
3286,100.081,1,1,3,1
3287,101.562,3,1,0,0
3287,100.522,4,4,2,1
3287,100.081,1,1,2,1
3288,100.081,3,1,1,1
3288,98.7482,1,1,2,1
3288,98.5981,2,2,2,1
3288,98.4442,1,3,2,1
3288,98.4442,4,3,4,1
3289,98.7858,3,0,5,0
3290,99.6283,1,1,4,0
3290,102.03,2,2,4,0
3290,102.61,1,2,4,0
3290,102.803,1,2,4,0
3290,102.814,2,3,5,0
3290,102.817,1,0,5,0
3292,98.4362,1,0,0,1
3292,98.3686,1,4,0,1
3292,98.3686,2,4,1,1
3292,102.817,3,0,3,0
3292,102.818,1,0,3,0
3292,102.818,2,0,4,0
3297,99.5974,2,2,2,0
3301,99.1336,1,3,1,0
3302,99.1336,1,3,1,0
3302,99.5974,1,2,1,0
3302,99.9604,2,0,1,0
3303,100.863,4,3,5,1
3304,100.633,1,5,1,0
3304,100.774,2,1,5,1
3307,99.0585,3,0,4,1
3307,101.161,3,2,5,0
3307,102.261,1,0,5,0
3307,102.819,1,4,5,0
3308,99.4556,2,1,5,0
3308,99.4602,1,0,5,0
3309,98.6932,4,4,0,1
3310,98.6437,1,0,4,1
3310,98.2301,3,5,4,1
3310,98.2203,1,4,5,1
3310,98.1925,1,1,5,1
3311,98.1925,2,1,0,1
3311,98.1782,2,3,0,1
3311,99.6334,2,4,3,0
3311,98.1782,2,3,4,1
3312,99.6334,2,4,1,0
3312,102.029,1,3,1,0
3312,102.273,1,1,1,0
3312,102.819,1,4,1,0
3313,102.819,1,4,4,0
3314,102.684,1,1,3,1
3314,102.166,2,0,3,1
3314,102.166,2,0,5,1
3314,99.9833,1,0,5,1
3315,102.821,2,5,0,0
3315,102.821,1,0,0,0
3315,102.825,2,5,0,0
3315,102.825,1,5,1,0
3315,102.828,4,3,1,0
3316,98.1932,3,0,0,1
3316,98.1607,1,1,0,1
3316,98.13,2,2,2,1
3316,98.0946,3,0,2,1
3318,101.799,1,3,5,1
3318,101.629,3,3,5,1
3319,101.629,1,3,4,1
3319,101.629,1,3,5,1
3319,98.0946,1,0,5,1
3319,98.0793,1,3,5,1
3319,97.9514,1,2,5,1
3320,102.356,2,4,1,0
3320,102.845,2,3,1,0
3320,102.846,1,4,1,0
3321,99.0584,1,0,2,1
3322,99.0584,2,0,4,1
3322,98.0423,2,4,5,0
3324,100.293,2,4,2,0
3324,100.352,1,2,2,0
3324,100.273,2,5,5,1
3325,100.352,1,2,4,0
3328,100.273,1,5,0,1
3330,98.5988,1,1,0,1
3330,97.9514,2,2,0,1
3330,97.8935,1,5,0,1
3332,97.8935,1,5,0,1
3332,97.9242,3,5,2,0
3334,97.9242,1,5,0,0
3334,100.352,2,2,0,0
3334,97.8844,2,3,2,1
3334,100.761,5,3,3,0
3334,97.8844,1,3,4,1
3336,101.108,3,2,5,0
3336,101.142,1,5,5,0
3337,100.796,2,1,3,1
3337,97.9538,3,4,3,1
3339,101.142,2,5,5,0
3339,101.274,1,1,5,0
3340,101.274,2,1,1,0
3340,97.864,2,5,5,1
3341,101.277,1,5,1,0
3341,101.277,1,5,2,0
3341,101.32,2,2,2,0
3341,98.0156,4,3,4,1
3341,97.864,1,5,4,1
3342,101.32,2,2,5,0
3343,100.69,1,5,1,1
3343,99.7752,3,0,5,1
3344,97.8318,1,0,0,1
3344,97.8056,3,2,3,1
3344,99.0445,1,4,5,0
3344,100.47,1,3,5,0
3345,100.554,1,1,5,0
3346,100.554,3,1,2,0
3346,98.383,3,2,4,1
3346,97.8056,2,2,4,1
3347,101.712,2,3,0,0
3348,99.9949,1,1,1,0
3348,98.9824,2,5,5,1
3349,101.712,1,3,0,0
3349,102.142,1,0,0,0
3349,102.185,1,0,0,0
3349,99.5492,2,4,5,1
3352,101.661,4,3,1,1
3352,99.5492,3,4,2,1
3352,98.8177,1,4,2,1
3353,102.185,1,0,2,0
3353,102.249,1,2,2,0
3354,101.345,1,5,2,1
3354,98.8905,3,3,5,1
3354,98.8177,2,4,5,1
3355,100.474,1,2,4,0
3355,102.249,1,2,4,0
3356,102.249,3,2,0,0
3356,102.297,1,2,0,0
3356,98.8177,1,4,3,1
3356,97.969,1,1,3,1
3358,97.969,3,1,5,1
3362,99.3904,5,5,1,0
3362,100.23,1,2,5,0
3362,100.644,1,3,5,0
3365,100.644,2,3,0,0
3365,100.644,1,3,1,0
3365,100.844,1,1,1,0
3366,100.603,4,2,3,1
3366,100.844,3,1,4,0
3367,100.603,1,2,2,1
3368,97.8712,3,0,1,1
3368,97.8069,1,0,1,1
3368,99.823,2,2,4,0
3368,101.273,1,3,4,0
3368,97.7818,2,4,5,1
3369,100.314,3,2,3,1
3370,101.273,1,3,3,0
3370,102.053,2,0,3,0
3370,100.314,2,2,4,1
3371,99.8628,3,4,2,0
3371,101.826,1,1,2,0
3372,100.283,1,4,0,1
3373,101.249,2,5,1,0
3373,100.283,2,4,4,1
3375,100.283,1,4,5,1
3376,99.82,1,5,3,0
3377,99.5412,4,5,1,1
3378,99.656,1,3,2,1
3378,99.5412,1,5,2,1
3378,99.109,1,2,4,1
3380,99.109,1,2,1,1
3380,98.0777,4,2,1,1
3380,97.7818,2,4,4,1
3381,99.82,2,5,1,0
3381,100.308,2,5,1,0
3382,97.7724,3,4,4,1
3382,97.7724,2,4,5,1
3382,97.7705,3,4,5,1
3384,99.6116,2,5,1,0
3384,100.287,1,2,1,0
3384,100.287,1,2,4,0
3387,100.287,1,2,3,0
3387,100.308,2,5,3,0
3387,100.62,1,4,3,0
3387,100.62,1,4,4,0
3388,100.62,2,4,0,0
3388,100.972,2,5,0,0
3388,98.249,1,1,1,1
3388,97.7705,1,4,1,1
3388,97.7475,1,5,1,1
3388,101.095,5,0,2,0
3388,101.624,2,1,3,0
3388,101.624,2,1,4,0
3388,101.646,1,3,4,0
3389,97.7475,1,5,1,1
3389,101.826,1,1,5,0
3391,99.4109,1,2,3,1
3391,97.9047,1,3,5,0
3393,101.217,1,5,5,0
3394,100.091,1,1,5,1
3394,99.0168,1,5,5,1
3395,101.826,3,1,0,0
3395,102.03,1,2,0,0
3396,99.0972,3,2,0,1
3397,99.0972,1,2,0,1
3397,99.0972,1,2,4,1
3397,97.7322,2,0,4,1
3399,98.6161,1,2,0,1
3399,97.6876,4,3,0,1
3399,97.6876,1,3,2,1
3399,97.6784,1,5,2,1
3399,97.6336,1,3,2,1
3400,100.687,1,5,1,0
3400,102.03,1,2,1,0
3400,102.053,1,0,1,0
3400,102.16,1,1,3,1
3400,98.2562,3,3,3,1
3401,98.2562,1,3,1,1
3401,98.075,1,1,5,0
3403,97.6336,1,3,2,1
3403,97.5354,2,5,2,1
3403,98.075,2,1,5,0
3403,98.8956,3,3,5,0
3404,98.8956,1,3,0,0
3404,100.497,1,4,0,0
3404,100.547,1,1,0,0
3405,100.547,4,1,0,0
3405,101.956,1,3,0,0
3405,101.203,3,3,5,1
3405,98.3181,2,2,5,1
3406,101.86,2,1,2,0
3407,100.318,3,0,1,1
3407,101.956,1,3,4,0
3407,102.177,1,1,4,0
3407,102.212,1,0,4,0
3407,102.297,1,2,4,0
3407,102.37,1,0,4,0
3408,102.37,2,0,2,0
3408,102.38,3,3,2,0
3408,102.556,3,3,4,0
3410,100.318,1,0,2,1
3411,98.3181,2,2,1,1
3411,101.89,1,5,3,0
3411,102.081,2,3,3,0
3412,100.89,2,0,5,0
3414,100.89,1,0,1,0
3416,102.081,1,3,3,0
3417,102.375,2,3,5,1
3419,101.929,2,5,1,0
3419,102.556,2,3,1,0
3419,102.62,4,0,3,0
3419,101.509,3,1,4,1
3419,100.895,1,1,4,1
3421,101.923,3,2,4,0
3424,101.923,1,2,0,0
3424,101.604,1,2,2,1
3424,101.146,3,0,2,1
3424,100.895,3,1,3,1
3425,101.811,1,1,3,0
3425,101.923,1,2,3,0
3427,100.825,3,3,3,1
3428,102.081,2,0,3,0
3428,102.439,2,2,4,0
3429,102.192,3,3,5,1
3430,100.825,2,3,3,1
3430,100.672,3,0,3,1
3430,100.672,2,0,5,1
3430,100.045,1,5,5,1
3431,100.045,1,5,0,1
3431,102.439,2,2,2,0
3431,100.045,1,5,3,1
3432,98.8087,3,4,1,1
3432,98.8307,1,3,4,0
3434,101.314,3,4,2,1
3435,100.381,4,1,4,1
3436,100.703,1,1,3,1
3436,100.703,2,1,4,1
3437,98.8043,3,3,2,1
3437,98.5339,1,1,2,1
3437,98.5339,3,1,3,1
3437,98.4721,1,2,3,1
3437,99.8451,2,4,4,0
3437,102.62,1,0,4,0
3437,102.626,1,2,4,0
3437,102.667,1,1,4,0
3439,98.5078,1,1,2,0
3439,101.934,4,5,4,0
3440,100.508,1,2,0,1
3440,99.4963,3,5,0,1
3440,98.4721,1,2,0,1
3440,98.4721,3,2,2,1
3440,98.0986,1,4,2,1
3442,98.0986,2,4,0,1
3442,98.0098,2,4,0,1
3444,98.0098,2,4,3,1
3445,98.7106,1,5,3,0
3445,97.9448,3,1,5,1
3446,97.9448,2,1,3,1
3446,97.5354,1,5,3,1
3446,97.528,2,4,3,1
3446,98.7106,4,5,4,0
3446,101.934,1,5,4,0
3446,97.528,3,4,5,1
3446,97.5155,1,5,5,1
3450,99.5562,3,1,4,1
3452,99.5562,2,1,0,1
3454,99.5149,3,1,5,0
3454,99.8498,2,1,5,0
3455,99.1059,1,2,1,1
3455,98.6625,2,3,1,1
3455,98.6625,1,3,2,1
3457,99.1673,4,2,5,0
3458,99.1673,1,2,5,0
3458,99.8498,1,1,5,0
3458,100.877,1,1,5,0
3459,101.152,2,5,0,1
3459,101.533,1,0,5,0
3461,101.389,3,2,5,1
3462,101.389,1,2,0,1
3462,100.438,2,5,0,1
3463,101.533,1,0,0,0
3465,101.545,2,0,0,1
3465,101.545,1,0,4,1
3466,101.883,1,4,0,0
3466,102.237,2,0,4,0
3467,101.907,2,0,4,1
3468,101.907,2,0,0,1
3468,100.519,3,3,0,1
3468,100.519,1,3,3,1
3468,100.438,1,5,3,1
3468,98.7481,3,1,3,1
3470,102.667,4,1,3,0
3470,98.7481,1,1,4,1
3470,98.6873,1,2,4,1
3470,98.6764,1,3,4,1
3470,98.4655,1,1,4,1
3472,98.8866,2,1,0,1
3472,98.594,1,2,0,1
3474,101.02,3,3,3,1
3475,101.02,1,3,3,1
3475,100.522,1,0,3,1
3475,100.445,1,3,3,1
3476,102.393,4,1,5,0
3477,100.445,3,3,0,1
3478,98.594,1,2,3,1
3478,98.4655,1,1,3,1
3479,100.46,2,4,1,0
3479,98.4655,1,1,4,1
3479,98.0584,2,1,4,1
3480,101.625,1,0,3,1
3481,101.625,3,0,1,1
3481,98.0584,2,1,1,1
3482,99.5238,1,1,3,1
3482,98.0584,1,1,3,1
3485,97.7488,2,1,2,1
3489,97.8341,3,1,1,0
3489,98.4518,2,3,1,0
3490,98.4518,3,3,4,0
3492,101.535,1,4,0,1
3492,99.3388,1,3,0,1
3492,98.4412,1,0,1,0
3494,102.116,1,5,3,0
3495,101.91,1,2,3,1
3497,101.527,1,1,2,1
3497,99.8058,3,1,2,1
3497,102.116,2,5,4,0
3498,101.608,1,0,3,1
3499,101.608,2,0,1,1
3500,102.36,2,0,5,0
3500,102.468,2,1,5,0
3505,102.45,1,3,3,1
3505,101.943,4,4,3,1
3507,101.608,1,0,3,1
3507,101.236,4,2,3,1
3508,101.586,2,4,3,1
3509,101.586,2,4,0,1
3509,101.236,1,2,0,1
3509,99.8058,1,1,0,1
3509,99.411,2,3,1,1
3510,102.468,2,1,2,0
3510,102.725,2,2,2,0
3512,102.294,4,0,1,1
3512,100.51,1,2,1,1
3512,100.394,3,0,4,1
3513,100.394,1,0,0,1
3513,99.411,2,3,0,1
3517,99.6346,2,4,2,0
3517,100.247,1,2,3,1
3517,99.4261,4,3,5,0
3518,99.411,1,3,1,1
3518,99.3877,1,3,1,1
3519,99.3877,2,3,3,1
3520,99.7959,3,4,1,0
3521,100.661,2,4,0,0
3521,101.928,3,0,0,0
3521,99.281,1,2,1,1
3521,99.281,2,2,2,1
3521,99.1222,1,4,3,1
3521,99.0232,2,2,3,1
3521,99.0232,1,2,4,1
3523,100.85,5,2,3,0
3524,102.222,3,5,0,0
3524,99.0232,1,2,2,1
3524,98.9805,3,5,2,1
3524,98.8778,1,1,2,1
3524,100.57,2,1,4,0
3525,99.203,3,3,5,1
3525,98.8778,2,1,5,1
3528,100.325,2,0,2,0
3530,98.7625,1,5,3,1
3530,98.4573,4,4,3,1
3530,98.9503,2,2,5,0
3531,98.9503,1,2,3,0
3531,100.325,1,0,3,0
3531,98.5031,3,1,5,1
3533,98.4768,1,5,2,0
3533,100.57,2,1,2,0
3533,98.0893,3,0,3,1
3535,98.6728,4,4,4,1
3535,98.1812,3,0,5,1
3535,98.0893,1,0,5,1
3536,98.4233,1,4,1,0
3536,98.7858,1,0,1,0
3537,97.822,1,2,0,1
3538,97.822,3,2,1,1
3539,98.7858,1,0,2,0
3539,98.929,2,2,2,0
3540,98.929,1,2,2,0
3540,98.9697,1,3,2,0
3540,97.7488,1,1,5,1
3541,98.9697,1,3,0,0
3541,97.7488,1,1,1,1
3541,98.9697,2,3,2,0
3542,97.7488,1,1,2,1
3542,97.6799,1,3,2,1
3543,97.6534,5,1,2,1
3544,98.9697,1,3,3,0
3544,99.8511,3,3,3,0
3544,99.8511,1,3,5,0
3544,100.342,3,3,5,0
3545,97.6348,3,0,5,1
3546,100.342,2,3,0,0
3546,101.217,1,5,0,0
3546,101.479,1,5,0,0
3546,102.222,2,5,1,0
3546,102.261,1,3,1,0
3548,101.032,3,5,0,1
3548,102.261,1,3,1,0
3548,102.293,3,1,1,0
3549,102.293,1,1,0,0
3549,102.656,3,4,0,0
3551,97.7828,1,0,1,0
3552,97.6348,1,0,4,1
3552,97.627,2,4,4,1
3552,97.7828,4,0,5,0
3555,99.6083,3,3,3,0
3555,101.212,1,0,3,0
3558,100.959,1,4,5,0
3561,100.959,3,4,2,0
3561,101.212,2,0,2,0
3562,99.2512,3,0,3,1
3562,100.001,3,1,5,0
3562,101.821,2,4,5,0
3563,99.1575,5,4,0,1
3563,98.6547,1,4,4,1
3565,97.7145,1,4,5,0
3565,99.5032,1,1,5,0
3568,99.5032,2,1,3,0
3568,99.6012,1,5,3,0
3569,98.9937,4,3,1,1
3572,98.8269,1,4,3,1
3572,99.6012,1,5,5,0
3572,99.6825,2,4,5,0
3573,98.8269,2,4,1,1
3575,98.8269,2,4,3,1
3577,99.6825,1,4,3,0
3578,98.9421,1,2,0,1
3578,97.9391,3,4,0,1
3579,99.1737,3,1,2,1
3580,97.9391,2,4,3,1
3581,98.1002,1,2,3,0
3581,99.3,2,3,3,0
3581,99.6825,1,4,3,0
3582,100.591,1,3,1,1
3582,99.4979,1,5,1,1
3582,99.4979,1,5,5,1
3582,97.627,2,4,5,1
3582,97.6219,1,3,5,1
3583,99.5676,1,2,1,0
3584,99.5676,4,2,0,0
3584,98.9218,2,1,4,0
3584,100.765,2,2,4,0
3586,100.765,2,2,3,0
3587,100.809,2,1,1,0
3587,100.809,1,1,2,0
3588,101.444,1,2,0,1
3588,101.858,3,5,3,0
3588,102.445,1,0,3,0
3591,101.963,1,1,3,1
3592,101.963,3,1,2,1
3592,99.9516,1,1,2,1
3593,99.9516,1,1,1,1
3594,99.6266,2,0,3,1
3595,98.9292,2,5,2,1
3596,99.2012,1,3,0,0
3596,102.445,4,0,0,0
3598,99.6945,3,5,1,0
3598,100.56,1,2,3,1
3598,98.9292,2,5,3,1
3599,100.273,1,5,3,1
3600,99.7694,1,3,1,0
3600,101.489,3,1,1,0
3600,102.104,1,3,1,0
3601,100.454,1,1,2,0
3601,102.009,3,2,5,1
3602,100.429,1,5,1,0
3602,102.244,4,0,1,0
3604,101.465,2,5,4,0
3606,101.583,3,4,0,1
3606,101.445,1,5,0,1
3606,101.445,3,5,1,1
3606,101.445,1,5,3,1
3606,100.746,4,4,3,1
3607,100.746,1,4,0,1
3607,99.9043,2,0,2,0
3607,101.881,3,5,2,0
3609,101.881,1,5,2,0
3609,102.244,1,0,2,0
3611,102.372,3,2,0,1
3611,102.279,2,2,0,1
3613,102.279,1,2,0,1
3614,101.957,1,0,4,0
3614,102.643,2,4,4,0
3617,101.627,2,5,0,1
3618,101.246,4,0,4,1
3619,101.246,1,0,1,1
3619,100.448,3,5,1,1
3619,100.448,1,5,5,1
3625,101.361,2,3,0,1
3625,101.491,4,2,4,0
3625,101.361,2,3,5,1
3626,102.656,1,4,5,0
3626,102.721,1,3,5,0
3627,101.361,1,3,0,1
3627,101.21,1,1,0,1
3627,101.21,2,1,1,1
3627,100.448,1,5,1,1
3627,100.066,2,3,4,1
3627,100.019,2,2,4,1
3627,99.5896,1,5,4,1
3628,102.721,1,3,0,0
3629,100.827,2,3,3,1
3629,99.5896,2,5,5,1
3633,99.5082,3,1,4,0
3633,101.969,3,5,5,0
3634,99.4869,3,0,2,1
3634,99.309,1,2,2,1
3635,101.765,3,5,4,1
3635,101.72,2,0,4,1
3636,101.72,1,0,1,1
3636,99.309,2,2,1,1
3636,99.1161,2,3,1,1
3638,100.173,2,0,5,1
3639,101.969,1,5,0,0
3639,102.267,1,2,0,0
3639,102.725,1,2,0,0
3639,102.727,2,2,0,0
3639,100.173,1,0,1,1
3639,100.173,1,0,2,1
3639,99.1161,2,3,2,1
3639,98.982,2,0,2,1
3639,98.982,2,0,5,1
3642,99.1391,3,0,4,0
3642,98.982,1,0,5,1
3642,98.9292,1,5,5,1
3642,98.7849,1,3,5,1
3644,99.1391,1,0,3,0
3644,99.6942,1,1,3,0
3644,99.6942,1,1,4,0
3647,101.066,1,4,1,1
3647,100.957,1,3,4,1
3647,100.687,1,3,4,1
3648,99.3062,1,0,5,0
3648,99.5927,3,4,5,0
3650,100.184,3,2,5,0
3651,100.184,1,2,0,0
3651,101.665,2,0,0,0
3653,101.665,1,0,2,0
3653,102.015,4,5,2,0
3654,101.442,2,3,4,1
3655,102.098,1,2,4,0
3656,101.442,2,3,4,1
3656,100.022,3,1,4,1
3659,102.098,2,2,2,0
3659,102.102,1,5,2,0
3661,101.168,5,3,2,1
3662,102.102,1,5,2,0
3662,102.375,1,5,2,0
3663,100.648,5,5,0,1
3664,101.017,1,5,5,1
3667,100.327,4,1,4,1
3668,100.752,4,0,3,1
3669,100.752,1,0,2,1
3669,100.327,1,1,2,1
3669,100.078,1,3,2,1
3670,102.451,1,3,5,0
3670,102.63,3,0,5,0
3670,102.666,1,4,5,0
3672,100.078,1,3,0,1
3672,100.022,1,1,0,1
3672,100.014,1,0,0,1
3672,100.014,1,0,2,1
3673,100.014,1,0,5,1
3675,99.8998,5,4,2,1
3675,100.652,3,2,3,0
3676,100.937,1,3,0,1
3676,100.814,3,4,0,1
3676,100.107,1,0,1,0
3676,99.732,1,2,2,1
3676,99.4981,1,4,2,1
3676,99.0998,1,4,2,1
3676,98.7849,1,3,2,1
3676,98.7652,1,5,2,1
3678,101.482,4,5,1,1
3678,98.7652,1,5,1,1
3682,100.318,3,4,2,0
3682,101.614,2,5,2,0
3682,101.614,2,5,3,0
3682,102.477,1,3,3,0
3684,101.923,1,4,0,0
3685,101.699,3,2,2,1
3686,101.133,1,4,0,1
3686,100.481,1,3,0,1
3686,100.066,2,5,0,1
3687,100.066,3,5,0,1
3687,100.037,1,5,0,1
3687,99.8932,1,0,4,0
3687,100.393,2,4,4,0
3689,100.883,2,4,0,1
3689,100.552,1,4,0,1
3689,100.552,3,4,2,1
3689,100.552,1,4,3,1
3691,99.3425,1,1,0,1
3691,99.1934,2,0,0,1
3691,99.1425,1,2,0,1
3692,100.486,3,3,2,0
3696,99.1425,3,2,4,1
3697,99.1425,1,2,0,1
3697,100.001,2,1,1,0
3697,100.486,1,3,2,0
3697,100.669,1,0,2,0
3698,101.349,3,2,1,1
3699,99.3439,1,1,5,1
3701,101.206,3,2,2,0
3702,100.12,4,3,1,1
3702,99.3439,1,1,1,1
3703,100.461,2,2,4,1
3704,99.8555,1,5,2,0
3704,99.8555,2,5,4,0
3704,100.579,3,0,4,0
3705,100.579,2,0,0,0
3705,101.923,1,4,0,0
3705,102.146,1,2,3,0
3705,102.182,3,5,4,0
3705,102.477,1,3,4,0
3707,99.7141,2,4,5,1
3707,98.7652,2,5,5,1
3709,102.557,2,2,1,0
3709,102.666,3,4,5,0
3709,102.727,1,2,5,0
3710,102.042,1,0,2,1
3711,99.5117,2,2,3,0
3713,99.5117,1,2,4,0
3713,102.004,2,4,4,0
3713,98.652,2,4,5,1
3714,102.004,2,4,2,0
3716,102.593,2,2,4,0
3717,101.223,3,0,5,1
3718,102.316,4,2,5,1
3718,101.196,1,5,5,1
3719,101.196,4,5,2,1
3719,100.738,1,4,2,1
3719,99.2361,3,4,5,0
3722,100.755,1,3,4,1
3722,99.9054,1,5,4,1
3722,99.1124,1,3,4,1
3723,101.609,3,4,1,0
3725,101.622,1,1,0,1
3725,99.1124,1,3,0,1
3726,98.8408,1,0,3,0
3727,100.075,4,0,2,0
3727,102.241,1,0,2,0
3729,98.9462,2,3,4,1
3732,100.629,1,3,0,0
3732,102.241,1,0,5,0
3734,101.802,1,0,0,1
3735,101.802,1,0,1,1
3736,101.802,1,0,0,1
3736,100.533,4,4,0,1
3737,102.236,5,5,0,0
3737,99.8915,2,5,1,1
3737,98.8386,3,1,1,1
3738,101.604,3,5,1,1
3739,102.241,1,0,3,0
3740,101.604,1,5,0,1
3740,98.652,3,4,0,1
3740,98.4996,1,0,0,1
3740,98.4996,1,0,2,1
3740,98.4202,3,3,4,1
3744,99.1132,2,2,4,0
3745,98.2437,1,1,2,1
3745,98.1819,1,2,2,1
3745,98.1461,2,0,2,1
3746,99.1132,1,2,1,0
3746,99.7968,3,3,1,0
3746,100.34,5,4,3,0
3747,102.063,4,4,1,1
3748,102.241,1,0,1,0
3748,102.242,3,3,1,0
3748,102.448,1,2,1,0
3748,102.063,1,4,4,1
3748,101.64,1,2,4,1
3748,102.448,1,2,5,0
3749,102.543,1,5,1,0
3749,102.593,3,2,1,0
3750,101.64,2,2,2,1
3750,100.428,1,2,2,1
3751,100.428,2,2,4,1
3751,98.8055,3,2,4,1
3753,98.9495,2,5,4,1
3756,99.6391,1,4,2,1
3756,100.563,4,1,5,0
3758,100.563,1,1,1,0
3758,101.798,2,0,1,0
3759,101.798,2,0,5,0
3759,102.661,2,4,5,0
3760,99.6391,1,4,4,1
3761,99.1586,1,2,1,1
3761,98.9495,1,5,1,1
3761,98.9495,1,5,2,1
3761,99.3573,1,4,3,0
3761,99.3573,1,4,4,0
3761,99.7332,4,0,4,0
3762,99.7332,1,0,2,0
3762,102.661,1,4,2,0
3764,98.9495,1,5,0,1
3764,98.8559,2,1,0,1
3764,98.8055,1,2,0,1
3765,99.6839,1,1,3,0
3765,102.577,1,5,3,0
3765,102.661,2,4,3,0
3765,102.727,1,2,3,0
3766,102.452,1,2,5,0
3769,102.452,1,2,5,0
3770,102.247,3,4,4,1
3771,102.631,2,1,2,1
3773,102.631,2,1,2,1
3774,102.631,1,1,0,1
3774,102.618,1,2,0,1
3775,101.691,1,4,4,1
3776,101.015,2,5,1,1
3777,101.384,1,4,2,0
3777,102.752,2,0,2,0
3777,98.8055,1,2,3,1
3777,98.7766,1,4,3,1
3777,98.5423,2,5,5,1
3778,98.7069,1,3,2,0
3778,101.715,1,2,4,1
3778,98.5229,1,1,4,1
3778,98.1461,1,0,4,1
3778,98.1329,1,0,4,1
3778,98.1166,1,5,4,1
3778,98.1166,1,5,5,1
3778,98.0686,3,4,5,1
3779,99.2221,1,0,4,0
3780,99.2221,2,0,0,0
3780,101.193,1,3,0,0
3780,101.193,2,3,1,0
3780,101.807,1,4,1,0
3780,98.0686,1,4,3,1
3780,98.0608,1,3,3,1
3783,101.367,2,4,0,1
3783,98.0608,1,3,0,1
3783,101.807,1,4,3,0
3783,102.244,2,3,5,1
3784,102.244,1,3,3,1
3784,101.665,2,0,3,1
3784,98.0608,1,3,3,1
3784,98.0117,1,1,3,1
3785,102.631,2,5,0,0
3785,102.778,2,1,0,0
3787,101.207,2,5,3,0
3788,101.207,3,5,3,0
3788,102.778,1,1,3,0
3789,101.076,5,4,0,1
3791,101.127,1,0,0,1
3791,100.951,2,5,1,1
3791,100.512,1,4,1,1
3794,101.946,3,2,2,0
3794,102.778,1,1,5,0
3795,102.589,1,2,1,1
3795,101.084,2,1,1,1
3796,101.084,1,1,0,1
3798,101.084,1,1,0,1
3799,99.6226,1,3,1,0
3799,99.6226,4,3,4,0
3799,100.014,1,2,4,0
3803,102.436,3,5,0,1
3805,102.436,1,5,2,1
3805,101.627,1,2,4,0
3805,102.538,2,2,4,0
3805,100.337,5,0,5,1
3808,101.996,2,5,3,1
3809,101.996,1,5,0,1
3812,98.4255,2,0,5,1
3814,99.2172,1,5,1,0
3814,99.8303,2,5,1,0
3815,99.8303,2,5,0,0
3815,100.034,3,2,0,0
3815,98.8175,2,5,1,1
3815,98.4255,2,0,1,1
3815,100.034,1,2,2,0
3816,101.464,3,2,5,0
3818,98.0117,1,1,4,1
3818,97.9848,2,5,4,1
3822,99.887,1,0,2,0
3822,101.767,2,0,2,0
3822,102.538,1,2,2,0
3822,102.582,1,5,2,0
3824,102.429,1,3,1,1
3825,102.429,1,3,4,1
3825,102.429,1,3,5,1
3825,102.259,2,2,5,1
3826,102.582,1,5,0,0
3826,102.259,1,2,1,1
3826,100.358,1,1,3,1
3828,100.358,1,1,0,1
3828,100.012,1,0,1,0
3828,101.74,2,1,5,0
3831,100.098,1,0,1,0
3831,100.098,3,0,3,0
3833,99.3477,1,4,1,1
3834,99.3477,1,4,0,1
3834,98.4893,2,3,0,1
3834,98.4893,1,3,4,1
3834,98.0749,1,2,4,1
3834,98.0163,1,2,4,1
3837,100.781,1,1,5,0
3838,98.6109,4,1,4,1
3838,100.781,3,1,5,0
3839,101.155,1,2,0,0
3839,101.272,3,2,2,0
3839,102.077,2,5,2,0
3839,101.06,1,5,3,1
3840,99.6991,1,1,4,1
3840,98.0163,2,2,4,1
3842,98.5882,1,2,3,0
3844,98.5882,3,2,4,0
3844,100.858,1,3,4,0
3845,98.4384,2,3,1,1
3845,97.9848,2,5,1,1
3845,100.858,2,3,2,0
3846,100.436,1,3,0,0
3846,100.858,1,3,0,0
3846,102.077,1,5,0,0
3846,97.93,3,3,1,1
3846,97.9153,2,4,1,1
3846,99.6663,1,3,5,0
3848,98.5585,2,1,1,0
3848,97.9153,3,4,2,1
3848,97.9072,1,5,2,1
3850,98.5585,2,1,3,0
3850,99.6663,3,3,3,0
3852,98.0563,1,2,2,1
3852,97.8837,1,1,2,1
3857,100.457,1,4,0,0
3857,100.948,2,0,3,1
3857,99.8931,1,3,4,0
3857,101.89,3,5,4,0
3859,97.9848,4,5,0,1
3859,99.8092,1,1,3,1
3860,98.6286,1,3,3,0
3860,101.89,2,5,3,0
3860,101.939,1,2,3,0
3861,102.077,1,5,0,0
3862,98.9567,4,3,4,0
3863,101.397,1,4,0,1
3864,102.166,2,3,1,0
3864,99.0085,1,5,3,1
3865,102.166,3,3,2,0
3865,99.2193,4,4,5,1
3865,99.0085,1,5,5,1
3868,101.197,3,0,5,0
3869,99.0085,1,5,1,1
3870,98.0404,2,1,5,1
3871,98.0905,2,1,3,0
3871,99.2063,1,0,3,0
3872,99.2063,3,0,5,0
3872,101.197,2,0,5,0
3873,99.0002,1,0,0,1
3873,98.0404,1,1,0,1
3875,101.843,1,5,4,0
3876,101.843,2,5,0,0
3876,102.582,1,5,1,0
3876,102.595,1,5,1,0
3876,102.61,1,2,1,0
3878,101.29,1,5,2,1
3878,101.384,1,0,5,0
3879,101.384,1,0,1,0
3879,102.148,1,4,1,0
3880,101.29,3,5,2,1
3880,98.4765,2,5,2,1
3883,101.236,4,2,1,1
3883,101.236,1,2,2,1
3883,99.7592,1,4,3,1
3883,98.4765,2,5,4,1
3885,100.076,1,3,2,1
3886,98.8491,1,2,4,0
3887,98.8491,2,2,0,0
3887,100.505,1,5,1,0
3888,101.983,1,5,5,1
3888,101.858,1,1,5,1
3888,100.245,1,0,5,1
3889,101.4,1,1,4,0
3890,100.245,2,0,3,1
3891,101.4,2,1,0,0
3891,102.148,2,4,0,0
3892,98.4765,1,5,4,1
3893,102.61,1,2,2,0
3893,102.665,1,4,2,0
3894,98.429,1,5,0,1
3894,98.429,3,5,1,1
3894,99.5533,1,4,2,0
3894,102.665,2,4,2,0
3898,101.677,2,3,0,1
3898,101.399,1,2,0,1
3898,101.399,1,2,5,1
3899,102.325,3,0,3,0
3900,101.399,3,2,0,1
3901,101.11,3,0,5,1
3902,98.2232,1,3,3,1
3902,101.341,3,3,5,0
3906,101.468,1,1,0,1
3907,101.468,2,1,0,1
3907,101.468,2,1,5,1
3908,99.4227,3,0,2,1
3908,98.2232,2,3,2,1
3909,98.0404,2,1,1,1
3909,97.9867,1,2,1,1
3909,97.9867,3,2,2,1
3909,101.811,2,0,5,0
3911,101.882,1,0,3,0
3911,97.9848,1,5,4,1
3911,97.9675,2,1,4,1
3912,100.835,4,2,4,1
3912,100.054,1,4,5,0
3913,101.409,1,3,3,0
3913,100.817,4,5,5,1
3913,97.9675,1,1,5,1
3914,97.9675,1,1,2,1
3914,97.9389,3,3,2,1
3914,97.9277,1,4,4,1
3919,101.359,2,2,4,0
3919,101.385,2,1,4,0
3919,101.409,1,3,4,0
3920,99.6378,1,5,2,1
3921,99.6378,1,5,1,1
3922,100.668,1,0,5,0
3924,100.668,2,0,4,0
3924,101.409,1,3,4,0
3926,100.052,1,4,1,0
3926,99.6378,1,5,5,1
3926,98.864,4,3,5,1
3927,98.864,1,3,5,1
3927,98.7272,3,2,5,1
3928,98.3269,2,4,4,1
3928,97.9272,2,1,4,1
3928,97.9272,2,1,5,1
3928,97.8837,1,1,5,1
3929,98.4756,1,5,0,0
3929,100.052,2,4,0,0
3929,100.052,1,4,3,0
3929,101.121,1,2,3,0
3929,101.409,1,3,3,0
3930,97.8765,1,0,0,1
3930,97.8765,2,0,3,1
3930,97.8711,1,4,3,1
3930,97.8467,1,2,3,1
3930,97.8347,1,5,3,1
3931,100.444,1,2,4,1
3932,99.3863,1,4,0,0
3933,100.821,1,4,0,1
3935,100.083,1,2,0,1
3935,100.081,2,0,0,1
3936,100.214,2,2,0,0
3936,100.483,3,3,0,0
3936,100.483,2,3,2,0
3936,101.049,1,4,2,0
3936,101.793,1,3,2,0
3938,101.811,4,3,1,1
3940,101.811,1,3,4,1
3941,101.215,3,5,1,1
3942,101.215,1,5,4,1
3942,101.882,4,0,5,0
3943,102.325,1,0,3,0
3943,102.416,1,1,3,0
3943,102.574,1,2,3,0
3943,102.63,1,1,3,0
3943,102.002,1,5,4,1
3943,101.215,1,5,4,1
3943,100.631,3,3,4,1
3944,100.631,2,3,3,1
3944,100.527,2,5,3,1
3945,102.63,2,1,1,0
3945,102.665,1,4,1,0
3945,100.792,2,2,4,1
3945,100.081,2,0,4,1
3945,99.778,1,1,4,1
3946,101.035,3,5,0,1
3948,102.615,2,1,1,1
3948,102.615,3,1,4,1
3950,101.035,1,5,3,1
3952,101.035,1,5,2,1
3953,101.688,3,4,1,1
3953,101.688,1,4,3,1
3953,100.077,2,1,3,1
3953,100.077,1,1,4,1
3953,99.5797,2,3,4,1
3953,99.5797,1,3,5,1
3956,99.9544,3,3,4,1
3957,102.665,1,4,2,0
3957,102.761,2,3,2,0
3958,99.9544,2,3,0,1
3958,99.9101,1,2,0,1
3959,102.313,1,4,3,1
3960,102.761,1,3,0,0
3960,102.313,2,4,1,1
3960,102.313,1,4,5,1
3960,99.9101,2,2,5,1
3961,99.9101,2,2,1,1
3961,99.5797,1,3,1,1
3961,99.3198,1,4,4,1
3961,99.2598,1,0,4,1
3962,99.2598,2,0,0,1
3962,99.2598,1,0,4,1
3963,99.2598,1,0,2,1
3963,99.1725,2,0,2,1
3963,98.7222,2,5,2,1
3963,98.427,1,1,4,1
3963,98.056,3,2,4,1
3963,97.9647,1,2,4,1
3964,102.761,1,3,1,0
3964,102.779,2,2,1,0
3965,102.779,2,2,0,0
3965,102.783,1,4,0,0
3965,101.15,2,5,5,1
3967,100.897,1,5,4,0
3967,101.929,3,0,4,0
3969,99.483,3,4,3,0
3969,101.929,2,0,3,0
3970,97.9647,1,2,3,1
3970,97.9465,1,1,3,1
3970,97.8333,1,5,3,1
3970,97.8133,1,4,3,1
3970,99.1573,3,0,5,0
3970,102.783,2,4,5,0
3972,97.8133,2,4,2,1
3973,97.7694,1,0,3,1
3973,97.7421,4,1,3,1
3973,97.7421,1,1,4,1
3973,97.6969,3,1,4,1
3974,98.1559,5,0,1,0
3974,97.6969,2,1,3,1
3974,97.6886,3,1,3,1
3975,102.112,1,4,0,0
3977,102.147,1,0,5,1
3978,102.783,2,4,0,0
3978,102.783,1,5,0,0
3978,102.147,1,0,1,1
3978,101.552,2,2,1,1
3978,101.08,1,0,1,1
3978,101.08,1,0,4,1
3979,99.1417,1,4,4,0
3981,99.1417,2,4,1,0
3981,100.207,1,0,1,0
3981,97.862,1,3,4,0
3981,100.207,2,0,4,0
3983,97.6886,1,1,2,1
3983,100.207,2,0,5,0
3984,100.98,3,0,0,0
3984,100.98,1,0,1,0
3984,101.807,3,0,1,0
3984,102.783,1,5,1,0
3984,99.3972,5,3,2,1
3985,101.16,3,0,1,1
3985,97.6871,1,4,1,1
3985,102.783,3,5,5,0
3985,102.797,2,1,5,0
3986,102.308,4,3,1,1
3988,100.086,1,1,5,0
3989,101.084,4,3,1,0
3989,100.431,4,5,4,1
3990,98.2976,3,1,5,0
3991,100.865,2,5,3,1
3991,99.726,3,1,3,1
3991,99.726,1,1,5,1
3992,99.118,1,5,4,0
3992,101.361,3,2,4,0
3992,101.569,1,5,4,0
3993,97.6871,2,4,0,1
3993,99.3939,5,1,3,0
3994,101.569,2,5,4,0
3994,101.694,1,1,4,0
3995,101.502,1,3,0,1
3995,98.7568,1,0,4,0
3995,101.694,2,1,4,0
3996,98.0659,1,3,1,1
3996,97.6871,2,4,1,1
3996,97.6584,2,3,1,1
3997,98.3427,4,2,2,0
3998,97.6219,3,3,1,1
3998,97.575,1,3,1,1
3998,98.5744,3,3,2,0
3998,101.694,2,1,5,0
3999,97.575,1,3,0,1
3999,97.5522,1,3,0,1
3999,97.5363,1,2,0,1
4001,100.759,2,3,1,1
4001,100.414,1,3,4,1
4002,100.414,3,3,5,1
4004,99.2167,2,5,0,1
4004,99.2167,2,5,3,1
4004,99.2167,1,5,5,1
4004,97.5342,2,1,5,1
4005,101.898,2,3,1,0
4005,101.898,1,3,2,0
4005,102.209,2,0,2,0
4007,97.5342,3,1,4,1
4008,97.5278,2,3,0,1
4009,100.24,3,2,0,0
4009,100.24,1,2,1,0
4009,101.921,2,4,1,0
4009,102.209,1,0,1,0
4009,99.3766,2,2,3,1
4009,99.3073,2,3,5,0
4010,97.5278,2,3,2,1
4010,99.3073,1,3,3,0
4010,102.209,2,0,3,0
4010,102.37,1,4,3,0
4010,97.5244,1,3,4,1
4013,102.37,1,4,0,0
4013,102.145,2,1,3,0
4013,102.37,3,4,4,0
4017,97.6097,2,4,1,1
4017,97.5244,3,3,1,1
4017,99.8096,1,3,3,0
4017,99.8096,2,3,4,0
4018,97.5244,1,3,4,1
4018,97.522,1,4,4,1
4018,97.5155,1,5,4,1
4019,97.5155,3,5,0,1
4020,97.4931,1,5,1,0
4020,97.4613,3,1,3,1
4020,97.4604,2,3,3,1
4020,97.4931,4,5,4,0
4021,99.1334,4,0,2,0
4022,101.92,1,4,1,1
4022,97.4604,2,3,2,1
4023,97.7149,1,1,0,0
4023,97.4604,1,3,4,1
4023,97.4443,2,1,4,1
4024,97.4443,3,1,1,1
4024,97.4429,1,5,1,1
4024,97.7149,2,1,4,0
4024,97.7306,5,2,5,0
4026,97.837,1,4,1,0
4026,98.4982,1,2,1,0
4028,98.4982,2,2,1,0
4028,100.064,1,0,1,0
4028,101.893,2,4,1,0
4034,100.747,2,4,1,0
4037,100.385,3,2,4,1
4037,100.037,1,2,4,1
4038,99.8721,2,1,2,1
4039,100.292,2,5,2,0
4039,100.747,1,4,2,0
4040,99.7973,1,4,3,1
4040,99.7973,2,4,4,1
4040,100.824,4,4,5,0
4040,100.908,1,1,5,0
4041,99.7973,1,4,1,1
4041,99.7188,2,2,4,1
4041,99.2893,2,4,4,1
4042,99.2893,2,4,2,1
4043,100.797,3,5,1,0
4043,100.908,1,1,1,0
4043,101.541,1,3,1,0
4043,98.733,3,1,4,1
4043,97.9422,1,4,5,0
4043,101.541,2,3,5,0
4045,99.4001,2,4,0,0
4045,100.574,1,2,3,1
4046,97.6617,1,1,0,1
4046,101.541,1,3,2,0
4046,101.796,4,2,2,0
4046,101.854,1,5,3,0
4048,101.854,1,5,1,0
4051,100.424,1,4,1,0
4052,100.156,3,2,4,1
4053,100.424,1,4,4,0
4053,101.854,3,5,4,0
4053,101.873,1,3,4,0
4054,100.156,1,2,1,1
4054,99.1349,2,0,1,1
4054,101.873,3,3,5,0
4056,101.514,2,2,5,0
4059,101.873,1,3,2,0
4059,99.9585,1,3,3,1
4060,99.9585,1,3,0,1
4060,99.5475,2,4,0,1
4060,99.1349,1,0,0,1
4061,100.823,2,2,4,1
4062,100.823,3,2,3,1
4062,99.1349,1,0,3,1
4062,99.0449,1,3,4,0
4064,100.753,1,1,3,1
4065,100.753,3,1,4,1
4066,100.753,1,1,3,1
4066,100.066,2,4,4,1
4066,99.6929,3,2,4,1
4067,99.6929,1,2,1,1
4069,98.8562,5,3,0,1
4069,98.5094,2,2,3,1
4069,98.4938,3,1,3,1
4070,98.1372,2,4,3,0
4071,98.2992,3,0,1,0
4075,98.6236,2,1,4,1
4075,97.6617,1,1,5,1
4076,97.6617,1,1,5,1
4078,97.7116,2,4,3,0
4078,98.7127,1,0,3,0
4078,98.7127,1,0,5,0
4080,98.7127,3,0,0,0
4080,99.6172,2,4,0,0
4080,99.5789,1,2,3,0
4080,99.5789,1,2,4,0
4081,99.5789,3,2,0,0
4081,99.6172,1,4,0,0
4082,97.6158,4,0,4,1
4082,97.5881,1,0,4,1
4083,99.1774,1,1,2,1
4083,97.5881,1,0,2,1
4083,99.8018,3,0,3,0
4083,99.9623,2,5,5,0
4084,99.9921,1,5,5,1
4085,100.083,4,2,3,0
4086,99.7016,2,2,4,1
4088,99.296,3,3,0,1
4089,98.1622,2,3,0,1
4089,97.7168,1,5,0,1
4089,99.298,1,0,3,0
4090,97.9829,2,1,3,0
4090,99.298,4,0,5,0
4090,99.8472,1,4,5,0
4091,97.9997,3,3,1,1
4092,99.8472,3,4,5,0
4093,99.8472,1,4,4,0
4094,97.5881,2,0,1,1
4094,97.5674,4,4,2,1
4094,97.5649,1,4,2,1
4095,97.5649,2,4,5,1
4095,97.4429,2,5,5,1
4096,97.6056,1,0,1,0
4097,99.0798,3,3,1,0
4097,98.7624,3,1,4,1
4097,97.4429,1,5,4,1
4098,97.8475,2,5,2,0
4098,99.0798,1,3,2,0
4100,100.042,2,5,1,0
4100,100.083,1,2,1,0
4100,100.132,2,4,1,0
4100,99.4575,4,5,2,1
4100,98.1693,1,2,5,0
4101,100.132,2,4,3,0
4101,100.132,1,4,4,0
4101,100.366,1,3,4,0
4101,100.487,1,5,4,0
4101,99.2981,3,1,5,1
4102,99.7825,2,0,4,0
4102,100.487,2,5,4,0
4103,100.501,3,2,0,0
4104,99.2981,1,1,3,1
4104,97.5355,1,3,3,1
4104,97.452,1,4,3,1
4104,97.4405,2,0,3,1
4106,98.9947,1,4,0,1
4107,99.2869,3,0,3,0
4108,98.9947,1,4,4,1
4110,99.2869,1,0,1,0
4110,99.5473,2,1,1,0
4110,98.9947,2,4,2,1
4110,99.5473,1,1,5,0
4111,99.5473,1,1,3,0
4111,100.033,2,3,3,0
4111,100.501,1,2,3,0
4114,99.1849,3,0,2,1
4114,99.1849,1,0,3,1
4115,99.9204,3,1,5,0
4116,98.9947,1,4,2,1
4117,98.2376,1,5,4,0
4117,98.9617,2,2,4,0
4119,98.8129,1,5,0,0
4119,98.8129,3,5,1,0
4119,99.9204,1,1,1,0
4122,98.3497,3,1,0,0
4122,99.9204,1,1,0,0
4122,98.1276,1,5,2,1
4124,99.6481,1,1,5,1
4127,99.6481,4,1,0,1
4127,100.501,1,2,3,0
4127,100.588,1,2,3,0
4128,100.588,2,2,0,0
4128,100.588,1,2,3,0
4128,100.698,1,0,3,0
4129,100.698,2,0,5,0
4130,101.38,2,1,1,0
4131,99.6873,5,4,2,1
4132,101.38,1,1,2,0
4132,101.406,1,3,2,0
4133,100.837,1,4,0,1
4133,99.312,1,5,0,1
4134,101.406,2,3,5,0
4136,98.2443,1,1,5,1
4136,98.1276,1,5,5,1
4138,99.6098,3,4,5,1
4139,99.8053,1,0,5,0
4139,99.9288,2,3,5,0
4140,99.9288,2,3,4,0
4141,100.652,1,1,1,0
4141,100.652,3,1,4,0
4142,99.6098,2,4,1,1
4142,99.4299,1,1,1,1
4143,98.2974,2,1,2,0
4143,100.603,3,3,2,0
4149,100.044,1,4,4,1
4149,98.6013,1,0,4,1
4151,100.603,1,3,3,0
4151,100.652,1,1,3,0
4151,99.253,2,2,5,1
4152,98.6013,3,0,0,1
4152,98.6013,1,0,3,1
4153,97.8974,3,0,1,1
4153,97.8974,2,0,4,1
4153,97.602,3,0,4,1
4155,99.12,2,2,5,1
4156,101.406,1,3,3,0
4156,101.66,3,5,3,0
4156,101.702,1,2,3,0
4157,101.702,1,2,3,0
4160,101.702,1,2,2,0
4161,100.65,3,1,2,1
4162,98.572,2,2,0,0
4162,98.7811,1,0,4,1
4163,99.0222,1,0,4,0
4164,99.0222,3,0,3,0
4165,101.702,1,2,0,0
4165,101.764,3,4,0,0
4166,101.764,2,4,2,0
4166,101.784,1,0,2,0
4166,101.893,1,4,2,0
4166,100.798,3,1,5,1
4167,100.69,1,3,0,1
4167,98.9467,3,5,0,1
4167,98.7811,1,0,0,1
4167,98.3879,3,5,2,1
4167,97.4405,1,0,2,1
4168,99.716,1,5,3,0
4170,99.716,4,5,4,0
4170,100.93,1,1,4,0
4172,99.0204,2,0,2,0
4174,99.0204,3,0,4,0
4174,101.972,1,1,4,0
4175,98.0592,3,5,3,0
4175,98.0592,1,5,4,0
4176,97.705,1,1,2,1
4176,97.4596,3,4,2,1
4178,98.0146,4,1,2,1
4179,97.4596,1,4,3,1
4179,97.4378,1,3,3,1
4179,97.4378,1,2,3,1
4181,100.356,2,2,0,0
4181,100.356,2,2,5,0
4181,101.211,1,0,5,0
4186,100.236,5,2,4,0
4187,100.568,3,0,1,0
4188,101.211,4,0,5,0
4188,101.687,1,3,5,0
4189,101.687,3,3,0,0
4189,101.972,2,1,0,0
4189,101.972,1,1,3,0
4189,101.985,2,2,3,0
4189,102.038,1,0,3,0
4189,102.038,2,0,4,0
4190,100.935,1,1,1,1
4190,99.7908,1,5,3,1
4190,99.9155,2,1,5,0
4191,99.7908,3,5,5,1
4191,99.3816,1,2,5,1
4192,99.3816,1,2,1,1
4192,99.368,4,5,1,1
4194,98.993,1,0,4,1
4194,98.9612,4,4,4,1
4196,98.7325,2,3,2,1
4197,98.8495,3,5,0,1
4197,99.9155,1,1,1,0
4197,100.282,3,2,1,0
4197,100.282,1,2,3,0
4197,100.319,1,0,3,0
4197,100.847,1,4,3,0
4197,98.8495,2,5,4,1
4197,98.7325,1,3,4,1
4197,98.6998,1,0,4,1
4200,98.6998,1,0,2,1
4200,98.4631,1,4,2,1
4200,98.4631,1,4,4,1
4201,98.4216,4,5,1,1
4201,98.2935,1,2,1,1
4202,99.4302,3,0,1,0
4202,100.847,1,4,1,0
4203,98.6692,3,2,5,0
4203,101.887,1,3,5,0
4204,101.944,1,5,0,1
4204,98.2935,1,2,0,1
4204,97.8195,2,5,0,1
4205,97.9217,1,0,2,0
4205,97.8195,1,5,4,1
4205,97.6984,2,4,4,1
4206,97.6984,3,4,0,1
4207,101.821,1,5,3,0
4207,102.038,1,0,3,0
4207,102.046,1,2,5,0
4208,99.9274,2,4,0,1
4210,100.398,4,4,4,1
4211,99.7741,2,0,0,1
4211,98.5602,1,3,0,1
4211,98.5602,2,3,1,1
4211,98.4177,1,1,1,1
4211,97.4378,1,2,1,1
4211,102.046,1,2,5,0
4211,102.064,2,4,5,0
4212,102.069,3,4,1,0
4214,100.815,1,2,2,1
4214,100.815,2,2,3,1
4214,100.735,2,5,3,1
4215,99.7241,3,0,3,1
4215,97.4378,1,2,3,1
4216,102.069,1,4,1,0
4216,102.099,4,0,1,0
4218,102.195,2,3,0,0
4218,102.204,1,5,0,0
4218,102.222,2,1,0,0
4218,100.496,4,3,1,1
4221,99.8543,2,0,0,1
4221,97.4288,3,2,0,1
4222,97.4288,2,2,0,1
4222,97.4136,2,4,0,1
4223,100.455,1,4,5,0
4223,102.31,1,0,5,0
4225,101.958,1,0,0,1
4225,102.312,2,2,2,0
4225,102.368,1,0,2,0
4226,101.958,3,0,4,1
4229,101.958,1,0,2,1
4230,102.368,1,0,2,0
4230,102.413,1,3,2,0
4230,102.436,2,3,2,0
4231,102.436,2,3,5,0
4233,101.91,3,1,0,1
4233,100.648,2,1,0,1
4233,102.444,2,0,1,0
4233,100.26,4,0,2,1
4233,99.9251,1,3,2,1
4233,100.208,3,4,5,0
4233,102.444,1,0,5,0
4234,99.9251,4,3,1,1
4235,101.609,2,3,1,1
4235,101.609,3,3,2,1
4235,99.9195,2,3,2,1
4235,102.444,2,0,3,0
4235,102.498,2,5,3,0
4235,102.498,3,5,5,0
4235,102.547,2,0,5,0
4236,99.9195,3,3,3,1
4237,98.9111,1,3,0,1
4237,98.6972,1,0,4,0
4237,98.9602,1,3,4,0
4238,100.118,1,4,4,1
4239,97.9689,1,0,2,1
4242,100.135,1,5,4,1
4242,97.8272,1,3,4,1
4242,102.547,2,0,5,0
4244,98.2588,4,2,5,1
4247,97.4136,1,4,0,1
4247,97.4078,1,0,0,1
4247,101.387,1,0,2,0
4248,100.402,1,5,0,0
4248,101.387,2,0,0,0
4248,102.488,2,2,0,0
4250,100.4,1,4,5,0
4251,100.204,3,4,5,1
4251,97.4004,1,2,5,1
4253,97.4004,3,2,4,1
4255,98.2897,3,5,1,0
4256,97.9442,2,2,2,1
4257,97.7933,1,2,5,0
4257,98.0601,1,0,5,0
4258,98.0601,4,0,0,0
4258,98.9785,4,2,1,0
4258,99.5696,1,4,1,0
4258,98.522,2,2,5,0
4258,99.7619,1,4,5,0
4258,100.4,2,4,5,0
4261,100.103,3,0,0,1
4263,98.3602,1,4,2,1
4264,99.2652,1,0,0,0
4264,97.4002,2,3,4,1
4265,98.216,1,2,0,0
4265,100.29,2,5,0,0
4265,100.29,1,5,2,0
4267,100.29,1,5,1,0
4267,100.106,2,5,5,1
4269,100.106,1,5,0,1
4269,100.106,1,5,4,1
4269,99.3091,3,2,4,1
4271,100.29,1,5,3,0
4271,101.189,1,3,3,0
4273,100.257,3,3,1,1
4273,99.92,1,5,1,1
4274,99.92,2,5,2,1
4274,99.8151,3,4,2,1
4275,99.3091,2,2,0,1
4275,99.1657,1,3,0,1
4275,99.1657,4,3,5,1
4275,97.4002,1,3,5,1
4277,99.1588,4,4,0,1
4277,100.473,3,3,5,0
4278,99.5136,1,1,5,1
4278,98.4488,1,3,5,1
4279,99.4469,2,0,3,1
4280,98.5363,1,3,0,0
4281,100.007,4,0,0,1
4281,101.15,1,4,4,0
4282,98.4488,1,3,0,1
4282,101.54,1,3,2,0
4282,97.4002,1,3,3,1
4282,97.3993,4,1,3,1
4283,101.895,1,1,1,0
4283,102.055,1,4,1,0
4283,102.057,1,3,1,0
4283,100.931,2,5,2,1
4283,102.057,2,3,3,0
4284,102.377,5,2,5,0
4286,102.488,2,2,1,0
4286,102.576,2,3,1,0
4286,102.576,2,3,2,0
4286,102.613,3,0,2,0
4286,102.349,1,3,4,1
4287,102.349,2,3,1,1
4287,102.349,1,3,2,1
4287,102.188,2,3,2,1
4290,101.76,1,1,4,1
4290,100.931,1,5,4,1
4291,101.953,1,0,0,0
4291,99.7935,2,4,1,1
4295,101.316,1,4,1,0
4295,101.953,2,0,1,0
4295,102.613,1,0,1,0
4296,100.244,1,5,0,1
4296,99.7935,3,4,0,1
4296,99.6583,1,2,0,1
4296,102.613,1,0,2,0
4296,102.616,2,3,2,0
4299,102.616,3,3,0,0
4299,102.472,1,5,2,1
4300,102.472,3,5,2,1
4300,102.394,1,1,2,1
4300,102.691,3,5,4,0
4301,102.394,2,1,2,1
4301,102.065,1,1,2,1
4303,102.702,1,1,2,0
4303,102.721,1,4,2,0
4303,102.065,4,1,4,1
4303,101.161,1,3,4,1
4304,102.721,1,4,1,0
4304,102.733,3,4,1,0
4304,101.161,2,3,4,1
4305,101.901,1,5,0,1
4305,102.733,2,4,2,0
4305,102.758,1,0,2,0
4305,102.789,1,0,2,0
4305,102.805,4,3,5,0
4305,102.812,1,5,5,0
4307,101.901,4,5,0,1
4307,101.161,1,3,0,1
4307,102.812,1,5,3,0
4307,102.815,2,2,3,0
4309,101.161,1,3,5,1
4310,100.728,2,4,1,1
4310,102.827,3,0,2,0
4310,102.828,1,3,2,0
4310,102.834,1,4,2,0
4311,102.84,2,0,0,0
4312,102.84,2,0,5,0
4312,102.843,1,4,5,0
4313,102.843,1,4,0,0
4313,102.844,2,1,0,0
4316,102.844,1,1,0,0
4316,102.846,1,4,0,0
4316,102.846,1,4,0,0
4316,102.846,2,0,0,0
4317,102.165,2,1,3,1
4317,101.073,1,5,3,1
4317,100.728,1,4,3,1
4318,101.4,2,5,0,0
4318,101.4,2,5,4,0
4318,100.728,2,4,5,1
4318,100.481,2,5,5,1
4319,100.481,1,5,1,1
4319,101.4,1,5,2,0
4319,102.849,1,3,2,0
4319,100.452,2,1,4,1
4320,102.467,2,1,5,1
4321,102.849,2,3,2,0
4322,100.326,1,5,0,1
4324,100.326,1,5,3,1
4325,100.428,2,4,3,0
4326,100.326,1,5,4,1
4327,100.265,1,0,1,1
4327,100.265,4,0,5,1
4328,99.7635,3,5,1,1
4329,100.428,2,4,2,0
4332,100.961,2,1,1,0
4332,101.217,2,4,1,0
4332,101.505,1,3,3,0
4333,101.585,2,0,4,0
4333,102.215,2,5,4,0
4334,102.215,1,5,3,0
4334,102.849,1,3,3,0
4334,102.852,2,5,3,0
4335,102.852,2,5,0,0
4335,102.853,1,3,0,0
4335,102.858,2,4,0,0
4336,102.858,2,4,3,0
4336,102.861,1,0,3,0
4337,100.68,1,2,4,1
4337,99.7635,1,5,4,1
4339,99.7635,1,5,0,1
4339,99.6583,1,2,0,1
4340,101.053,2,2,1,1
4340,101.053,3,2,3,1
4340,100.214,1,2,3,1
4340,100.214,1,2,5,1
4342,102.425,3,4,1,0
4342,101.456,1,5,4,1
4342,101.456,3,5,5,1
4342,100.214,2,2,5,1
4343,100.139,2,1,2,1
4343,99.8559,1,0,2,1
4344,100.188,2,0,1,1
4345,102.425,1,4,4,0
4347,101.063,4,1,1,1
4347,100.188,1,0,1,1
4347,99.8559,1,0,5,1
4349,99.8559,1,0,3,1
4349,100.839,3,2,5,0
4353,101.975,1,5,0,1
4353,101.975,1,5,1,1
4353,99.8559,1,0,5,1
4354,99.8559,1,0,3,1
4354,99.6583,2,2,3,1
4354,99.62,1,2,3,1
4354,99.4966,1,0,3,1
4354,100.929,3,3,4,0
4355,99.4966,1,0,0,1
4356,99.5912,1,5,3,0
4357,99.5912,3,5,0,0
4357,99.7957,2,0,4,1
4357,99.4966,2,0,4,1
4358,101.169,4,1,5,0
4359,99.4576,5,5,2,1
4359,99.3215,3,2,4,1
4360,99.2189,2,2,4,1
4360,99.0641,1,2,4,1
4360,99.0641,1,2,5,1
4362,102.343,5,0,0,0
4364,99.0641,2,2,1,1
4364,98.9122,1,4,1,1
4364,100.107,4,5,2,0
4364,102.439,1,5,2,0
4364,98.9122,3,4,5,1
4364,98.876,1,2,5,1
4367,100.655,3,0,4,1
4367,98.876,2,2,4,1
4368,101.164,3,1,4,0
4368,102.439,1,5,4,0
4368,102.72,1,3,4,0
4368,98.876,1,2,5,1
4368,98.8652,3,1,5,1
4369,102.72,2,3,0,0
4370,101.671,2,2,3,0
4371,101.584,4,4,5,1
4371,98.8652,1,1,5,1
4372,98.8652,1,1,2,1
4372,98.8548,1,5,2,1
4372,101.671,2,2,3,0
4372,102.861,3,0,4,0
4373,102.865,3,3,2,0
4373,102.865,2,1,2,0
4373,102.79,3,3,4,1
4373,98.8436,2,1,4,1
4375,100.302,2,3,5,1
4375,98.8436,1,1,5,1
4377,100.508,3,0,5,0
4378,100.508,2,0,4,0
4378,102.8,1,2,4,0
4379,99.9096,1,3,0,1
4379,102.8,2,2,1,0
4379,99.9096,4,3,2,1
4380,102.8,1,2,4,0
4380,102.865,2,1,4,0
4381,102.775,1,2,4,0
4382,98.7436,4,1,5,1
4384,101.239,1,0,2,1
4384,98.6619,2,3,2,1
4385,101.444,1,1,3,0
4385,101.296,1,4,5,1
4386,101.444,1,1,5,0
4386,102.607,1,0,5,0
4387,101.296,2,4,3,1
4387,100.113,3,4,3,1
4388,100.558,2,4,2,0
4388,102.607,2,0,2,0
4388,100.988,3,3,5,1
4390,100.988,1,3,3,1
4391,100.988,1,3,2,1
4391,100.266,2,2,3,0
4393,99.087,1,1,0,1
4393,100.266,2,2,3,0
4396,100.984,3,2,4,0
4396,98.6619,3,3,5,1
4396,98.6519,1,0,5,1
4397,98.6519,2,0,0,1
4397,100.072,5,3,5,0
4399,100.984,2,2,1,0
4401,98.6519,1,0,2,1
4401,98.6122,2,5,2,1
4403,100.077,1,4,1,0
4403,101.398,3,1,3,0
4403,101.548,2,3,3,0
4404,100.642,1,1,3,1
4405,100.642,3,1,3,1
4405,98.6122,1,5,3,1
4405,98.4223,1,2,3,1
4406,100.075,2,5,4,1
4406,98.9564,1,2,4,1
4408,98.9564,1,2,2,1
4408,98.9564,1,2,3,1
4408,101.548,1,3,4,0
4408,101.734,1,4,4,0
4409,101.734,1,4,0,0
4410,101.823,2,0,3,1
4412,102.348,2,4,0,0
4412,102.607,2,0,2,0
4413,101.823,2,0,0,1
4413,99.5978,2,2,0,1
4413,98.9564,1,2,0,1
4413,98.4223,1,2,1,1
4413,98.226,3,3,1,1
4413,98.1386,1,5,1,1
4414,101.95,3,3,3,1
4414,101.95,1,3,4,1
4415,102.657,4,2,5,0
4415,102.775,1,2,5,0
4417,101.95,1,3,2,1
4417,100.591,1,4,2,1
4417,100.591,1,4,5,1
4419,100.93,3,5,1,0
4419,100.591,1,4,2,1
4419,100.26,3,2,2,1
4419,98.046,1,4,2,1
4419,98.046,2,4,3,1
4419,98.0311,2,2,3,1
4420,101.396,1,3,5,0
4420,102.775,3,2,5,0
4420,102.812,1,1,5,0
4421,100.709,3,2,4,1
4421,102.812,3,1,5,0
4422,100.709,1,2,2,1
4424,101.784,4,5,4,0
4424,100.709,1,2,5,1
4424,97.9906,3,2,5,1
4425,97.9906,2,2,0,1
4425,97.9855,1,1,0,1
4425,97.9847,2,5,0,1
4425,97.9847,1,5,3,1
4425,97.9257,3,1,3,1
4427,101.813,3,0,0,0
4427,101.813,2,0,1,0
4427,102.324,2,0,1,0
4429,98.3424,3,1,0,0
4430,102.324,3,0,1,0
4430,102.597,2,5,1,0
4431,100.908,3,3,3,1
4431,100.353,2,5,3,1
4432,99.334,2,4,0,0
4432,97.8867,1,1,1,1
4432,97.8744,2,4,1,1
4433,98.8173,1,3,0,1
4434,98.4623,1,3,0,0
4435,101.646,1,2,0,0
4435,97.8744,1,4,3,1
4435,97.8644,2,1,3,1
4435,97.8644,1,1,5,1
4436,97.8644,1,1,1,1
4437,100.597,1,4,2,0
4437,100.949,1,3,2,0
4438,97.8644,1,1,1,1
4438,97.7025,3,2,1,1
4438,97.5064,1,0,1,1
4438,99.4458,1,0,5,0
4438,100.315,4,2,5,0
4439,100.315,1,2,3,0
4442,100.949,2,3,4,0
4443,99.5606,2,0,0,1
4444,100.447,2,2,5,0
4446,99.5606,3,0,5,1
4446,99.4526,1,2,5,1
4447,100.447,3,2,2,0
4447,101.085,1,0,2,0
4447,99.4526,4,2,5,1
4449,101.085,3,0,0,0
4449,99.0168,4,4,1,1
4450,99.8582,1,0,2,1
4450,98.6562,1,5,2,1
4451,100.482,1,3,3,0
4451,101.085,1,0,3,0
4451,101.238,2,3,3,0
4452,100.038,4,2,0,1
4455,100.227,1,2,3,1
4456,100.407,1,1,0,0
4456,98.6562,2,5,3,1
4456,98.3161,1,5,3,1
4457,99.1708,3,3,4,0
4457,98.3161,2,5,5,1
4458,98.3161,1,5,1,1
4458,97.7818,4,4,1,1
4460,100.244,1,0,2,0
4462,98.1854,1,5,0,1
4462,97.7818,1,4,0,1
4462,97.7672,1,0,0,1
4462,100.244,1,0,4,0
4462,97.7672,3,0,5,1
4462,97.7102,1,1,5,1
4463,100.244,3,0,0,0
4463,100.407,2,1,0,0
4463,100.407,2,1,3,0
4463,100.677,1,1,3,0
4465,100.455,3,1,1,0
4465,100.253,3,4,2,1
4465,98.0902,1,2,4,0
4465,100.455,1,1,4,0
4465,100.785,2,1,4,0
4466,98.8348,2,1,4,1
4466,98.8348,1,1,5,1
4467,100.497,3,1,5,1
4468,101.238,3,3,2,0
4469,100.497,2,1,2,1
4469,98.8348,1,1,2,1
4469,97.9955,2,1,2,1
4471,99.7475,3,1,3,1
4472,99.7475,2,1,0,1
4473,98.4436,3,0,4,0
4474,98.4436,1,0,4,0
4474,100.683,2,2,4,0
4475,97.9955,3,1,0,1
4475,97.7102,1,1,0,1
4475,100.683,2,2,1,0
4475,101.315,1,4,2,0
4475,101.568,3,3,2,0
4475,101.568,1,3,4,0
4476,99.8434,3,2,4,1
4476,99.8434,2,2,5,1
4477,98.2548,1,5,2,0
4478,101.568,1,3,2,0
4478,101.584,1,1,2,0
4478,101.587,2,4,2,0
4478,101.629,1,5,2,0
4478,101.629,1,5,3,0
4479,100.998,2,2,1,1
4480,100.998,2,2,2,1
4481,100.168,1,2,3,0
4482,100.026,4,5,4,1
4483,97.764,2,0,1,1
4483,97.7102,1,1,1,1
4483,97.6718,1,0,1,1
4484,97.6443,2,0,1,1
4484,97.5577,2,5,1,1
4484,97.5064,1,0,1,1
4484,100.168,1,2,2,0
4484,101.629,2,5,2,0
4484,100.964,4,3,4,1
4485,100.964,1,3,5,1
4485,97.5064,3,0,5,1
4486,97.4927,2,3,0,1
4486,97.4721,2,1,0,1
4487,102.023,2,3,2,0
4487,102.023,1,3,3,0
4488,101.676,3,4,1,1
4488,101.676,1,4,5,1
4488,100.871,3,3,5,1
4489,100.871,2,3,1,1
4490,98.7644,2,2,0,0
4490,98.7644,2,2,5,0
4490,102.023,1,3,5,0
4490,102.26,1,1,5,0
4491,102.26,3,1,3,0
4491,102.273,1,2,3,0
4491,102.273,1,2,5,0
4491,102.597,1,5,5,0
4491,102.611,1,1,5,0
4494,102.215,5,5,0,0
4494,100.506,2,4,3,1
4494,98.4867,2,3,5,0
4495,98.4867,1,3,1,0
4495,100.171,4,0,1,0
4496,102.611,1,1,0,0
4496,102.751,1,4,0,0
4496,102.751,3,4,3,0
4497,101.296,1,4,1,1
4498,101.296,3,4,3,1
4500,99.619,1,3,4,0
4500,100.817,4,2,4,0
4503,100.416,4,1,1,1
4503,100.126,1,1,4,0
4504,100.541,1,4,0,1
4504,98.7601,3,0,4,1
4505,98.7601,1,0,1,1
4505,98.4011,3,2,1,1
4505,99.5284,1,0,3,0
4505,100.817,1,2,5,0
4507,102.751,1,4,0,0
4507,102.865,1,1,0,0
4507,102.866,2,1,0,0
4509,98.4011,1,2,4,1
4509,98.3759,1,2,4,1
4509,98.0411,1,1,4,1
4509,97.7167,2,1,4,1
4509,97.4721,1,1,5,1
4509,97.4709,1,1,5,1
4510,97.4866,4,0,1,0
4510,99.6881,1,5,1,0
4514,98.1019,2,2,3,1
4516,98.1019,1,2,2,1
4517,97.6123,2,4,1,1
4517,97.4709,1,1,1,1
4517,98.5093,2,5,3,0
4519,97.7291,4,0,0,0
4519,98.5093,1,5,0,0
4520,98.6566,1,4,4,0
4520,98.771,2,3,4,0
4520,99.6881,3,5,5,0
4520,100.409,1,2,5,0
4521,101.59,3,4,1,0
4522,101.59,1,2,4,1
4524,101.59,1,2,0,1
4524,99.9563,1,1,0,1
4524,99.9563,2,1,4,1
4525,98.9508,2,4,1,0
4527,100.37,4,3,2,1
4527,100.37,1,3,3,1
4527,99.893,2,1,5,1
4528,99.893,1,1,1,1
4530,97.5845,4,4,1,1
4532,98.5521,3,2,0,0
4533,98.5521,2,2,3,0
4533,99.1969,2,1,3,0
4536,97.4709,1,1,0,1
4538,97.8547,3,5,0,0
4538,97.4709,2,1,5,1
4538,97.4034,2,0,5,1
4539,97.4034,1,0,2,1
4539,97.3993,1,1,2,1
4540,97.3992,2,1,5,1
4540,97.3738,3,1,5,1
4541,97.3719,3,0,0,1
4541,97.3719,2,0,4,1
4541,97.3699,3,5,4,1
4542,97.8547,1,5,1,0
4542,99.1969,2,1,1,0
4542,99.5349,4,3,4,0
4542,99.5349,1,3,5,0
4542,99.5761,1,1,5,0
4542,99.7419,1,1,5,0
4544,99.7419,3,1,3,0
4544,100.192,1,4,3,0
4544,100.496,1,4,3,0
4544,99.448,2,1,4,1
4544,99.3831,3,2,4,1
4544,100.496,1,4,5,0
4545,100.496,1,4,0,0
4546,100.359,2,3,4,0
4546,100.615,1,4,4,0
4547,99.3831,1,2,2,1
4547,98.6089,1,2,5,0
4547,100.615,1,4,5,0
4548,98.1405,1,1,2,1
4548,97.3699,1,5,2,1
4548,97.3693,1,5,2,1
4548,97.3521,1,2,2,1
4548,97.345,1,3,2,1
4549,97.345,2,3,2,1
4550,97.345,2,3,0,1
4550,97.3434,1,4,0,1
4551,97.3434,1,4,2,1
4551,97.334,2,1,2,1
4551,97.689,2,3,3,0
4554,97.8643,1,0,2,0
4556,97.9295,1,4,2,0
4556,98.6478,1,0,3,0
4556,99.0739,2,1,3,0
4557,97.334,1,1,5,1
4557,97.3307,4,5,5,1
4558,99.0739,1,1,2,0
4558,99.0912,1,1,2,0
4558,99.6011,2,1,2,0
4558,99.6011,1,1,5,0
4559,99.6011,1,1,2,0
4559,100.539,2,0,2,0
4559,100.615,2,4,2,0
4559,100.615,1,4,4,0
4559,101.218,3,3,4,0
4561,101.218,1,3,2,0
4561,101.59,1,4,2,0
4562,100.135,1,3,3,1
4562,98.4019,1,4,3,1
4562,97.7561,3,0,3,1
4564,100.138,4,0,1,0
4564,100.138,1,0,2,0
4564,100.762,2,2,3,1
4564,99.4234,1,1,3,1
4568,97.7561,1,0,3,1
4568,97.695,2,0,3,1
4568,97.3302,1,1,3,1
4568,99.3456,3,2,4,0
4569,98.1009,3,5,3,0
4569,99.3456,1,2,3,0
4571,99.539,3,4,4,0
4573,99.539,1,4,4,0
4575,98.2593,1,0,1,1
4575,98.4603,2,1,2,0
4575,99.539,1,4,2,0
4575,101.517,1,3,2,0
4575,101.517,2,3,3,0
4575,101.78,1,0,3,0
4576,101.78,1,0,5,0
4576,101.856,4,2,5,0
4577,100.599,2,4,0,1
4577,98.2593,1,0,0,1
4577,97.3679,1,3,0,1
4577,97.3526,1,0,0,1
4581,101.862,1,5,1,0
4581,101.899,1,0,1,0
4581,101.966,1,4,1,0
4582,102.092,4,4,0,0
4583,99.8134,1,3,4,1
4583,99.5779,2,1,4,1
4584,102.092,1,4,0,0
4584,102.193,4,2,0,0
4584,98.7829,2,4,3,1
4586,102.319,1,4,4,0
4586,102.388,1,1,4,0
4586,100.4,1,2,5,1
4589,99.8061,2,1,2,0
4589,99.8061,3,1,5,0
4589,102.305,2,1,5,0
4590,102.388,2,1,0,0
4592,99.1432,2,4,0,1
4592,101.533,1,4,3,0
4593,102.008,2,3,1,1
4594,102.008,1,3,1,1
4594,99.4978,1,0,1,1
4595,99.4978,1,0,1,1
4595,102.388,1,1,2,0
4595,102.409,1,2,2,0
4595,102.542,1,4,2,0
4595,102.628,1,2,2,0
4596,101.075,3,1,4,0
4596,102.628,2,2,4,0
4596,100.568,1,5,5,1
4597,100.568,4,5,2,1
4597,99.4978,1,0,2,1
4599,99.1432,1,4,3,1
4600,99.1956,1,4,2,0
4601,102.312,5,1,2,0
4602,99.1432,2,4,4,1
4602,98.9591,2,2,4,1
4602,102.628,1,2,5,0
4602,102.797,1,5,5,0
4603,98.9591,1,2,3,1
4603,98.7829,2,4,3,1
4603,98.3884,2,4,3,1
4604,98.3884,2,4,5,1
4604,97.9971,3,1,5,1
4605,97.5856,2,5,1,1
4605,97.4955,3,4,1,1
4607,102.797,4,5,5,0
4607,102.813,1,1,5,0
4608,100.586,1,2,0,1
4608,100.586,2,2,4,1
4608,100.134,1,5,4,1
4609,102.813,2,1,1,0
4609,102.827,1,5,1,0
4609,102.857,1,0,1,0
4610,100.134,4,5,2,1
4610,99.8928,1,2,2,1
4611,101.202,3,5,3,1
4613,101.202,2,5,1,1
4614,97.4657,4,1,0,1
4614,97.3302,1,1,0,1
4615,97.5721,1,1,0,0
4615,97.5721,3,1,3,0
4616,97.3245,2,0,4,1
4618,97.5721,1,1,4,0
4618,97.7437,2,2,4,0
4619,97.3245,1,0,0,1
4619,97.3218,1,1,0,1
4619,97.3213,2,4,0,1
4619,97.3211,1,5,0,1
4620,98.4801,1,5,5,0
4621,98.4801,4,5,4,0
4623,98.7269,3,1,4,0
4624,98.7269,2,1,1,0
4624,98.9713,2,3,1,0
4624,98.9713,1,3,4,0
4624,99.8479,4,1,4,0
4628,98.1947,1,4,1,1
4628,97.3211,2,5,1,1
4630,98.4374,3,2,0,0
4631,98.4374,2,2,0,0
4631,99.1542,2,3,0,0
4632,97.865,3,5,4,1
4632,97.5836,2,3,4,1
4633,99.1542,2,3,5,0
4635,99.1542,1,3,1,0
4635,99.8479,1,1,1,0
4635,100.109,2,0,1,0
4637,98.1454,1,4,0,1
4637,97.5836,2,3,0,1
4637,100.109,2,0,2,0
4637,100.196,1,1,2,0
4638,97.3092,1,4,3,1
4640,97.3092,1,4,2,1
4640,97.307,1,3,2,1
4641,100.196,1,1,1,0
4642,98.6442,4,1,3,1
4643,100.196,1,1,3,0
4643,100.492,2,5,3,0
4644,99.4024,2,5,1,1
4645,99.4024,2,5,1,1
4646,97.307,2,3,5,1
4646,97.3003,1,5,5,1
4647,98.3855,2,5,2,0
4647,98.3855,1,5,3,0
4647,98.8662,3,1,3,0
4647,100.492,1,5,3,0
4648,100.492,1,5,1,0
4648,99.7222,1,5,5,1
4650,99.7222,1,5,3,1
4650,98.3308,1,0,3,1
4653,99.621,4,0,1,0
4653,100.801,1,0,1,0
4655,99.85,3,2,4,0
4657,99.7964,1,1,4,1
4658,100.071,5,5,3,0
4658,100.801,2,0,5,0
4658,100.899,1,0,5,0
4659,99.7964,1,1,0,1
4659,99.7964,1,1,1,1
4660,100.899,3,0,3,0
4660,100.924,1,3,3,0
4660,99.7964,1,1,5,1
4660,98.4285,3,4,5,1
4661,99.7519,1,0,3,0
4661,100.903,4,3,5,1
4661,98.3308,1,0,5,1
4662,97.3176,5,3,3,1
4663,100.924,1,3,4,0
4663,101.019,2,2,4,0
4664,100.865,1,3,5,1
4665,101.019,3,2,0,0
4665,101.127,1,0,0,0
4665,99.4333,2,1,3,1
4665,101.127,2,0,4,0
4665,101.265,2,3,4,0
4666,99.4333,1,1,3,1
4668,99.4333,1,1,0,1
4668,99.2576,1,0,1,0
4668,101.265,1,3,2,0
4668,101.343,3,1,2,0
4669,101.343,1,1,0,0
4669,101.423,3,0,0,0
4670,101.586,2,4,2,0
4670,100.833,3,3,3,1
4671,100.833,1,3,2,1
4671,99.9729,3,2,5,0
4671,101.586,2,4,5,0
4672,101.586,1,4,0,0
4672,101.68,1,0,0,0
4672,99.8164,3,4,1,1
4673,100.874,2,3,2,1
4673,100.874,2,3,5,1
4674,100.874,1,3,4,1
4674,99.9138,3,0,4,1
4676,100.677,1,2,2,0
4676,99.8164,2,4,3,1
4676,99.6434,2,5,3,1
4677,100.71,4,4,3,0
4677,101.73,1,5,3,0
4678,99.6434,1,5,0,1
4678,99.5356,2,1,0,1
4678,99.5356,2,1,1,1
4678,99.032,1,0,2,1
4678,98.9919,1,4,2,1
4678,98.8678,1,4,2,1
4679,98.8678,1,4,2,1
4680,101.73,1,5,5,0
4680,101.736,1,1,5,0
4681,98.8678,1,4,2,1
4681,97.303,1,3,3,1
4682,99.1895,3,1,5,0
4682,101.736,2,1,5,0
4683,98.4033,1,2,4,1
4684,98.4033,4,2,3,1
4684,97.303,1,3,3,1
4685,97.3003,1,5,1,1
4686,98.0786,4,3,1,0
4687,97.3003,1,5,4,1
4690,98.2033,2,2,3,1
4691,101.736,1,1,3,0
4691,101.753,4,2,3,0
4692,101.753,1,2,2,0
4692,100.562,5,0,5,1
4694,101.795,1,4,1,0
4695,100.481,1,3,2,1
4695,99.2734,3,5,5,1
4698,101.464,2,5,0,1
4698,101.464,1,5,1,1
4698,100.661,3,5,1,1
4698,101.795,3,4,5,0
4700,101.922,1,2,5,0
4700,101.939,4,0,5,0
4701,101.939,1,0,2,0
4701,101.976,3,5,2,0
4701,102.086,1,0,2,0
4701,100.661,1,5,3,1
4701,100.009,1,1,4,1
4701,98.5717,1,0,4,1
4703,98.5717,1,0,0,1
4703,98.3276,1,2,0,1
4703,98.2033,2,2,0,1
4703,98.2033,1,2,1,1
4703,98.0416,2,1,1,1
4705,99.7813,4,1,1,0
4706,99.7813,1,1,1,0
4706,100.462,3,4,1,0
4706,98.0416,1,1,3,1
4706,97.987,1,0,3,1
4706,97.7163,1,3,3,1
4707,100.462,1,4,1,0
4707,100.463,3,3,1,0
4708,97.7163,2,3,3,1
4709,100.185,2,5,1,0
4709,97.7163,1,3,5,1
4709,97.6426,3,3,5,1
4709,97.6031,1,4,5,1
4710,97.3003,2,5,0,1
4710,97.2998,2,4,0,1
4710,97.2998,2,4,1,1
4710,100.185,2,5,2,0
4710,100.463,1,3,2,0
4710,101.977,1,2,2,0
4712,98.8766,1,5,0,1
4712,97.8873,4,4,0,1
4712,98.8814,3,4,5,0
4715,97.2963,3,2,1,1
4716,98.8814,1,4,3,0
4716,99.6667,2,3,3,0
4716,98.0181,5,5,4,1
4717,99.6667,2,3,1,0
4717,100.322,1,0,1,0
4718,98.8218,3,0,2,1
4718,97.9943,3,4,4,1
4720,100.322,4,0,4,0
4723,101.788,4,4,4,0
4724,102.086,1,0,0,0
4724,101.547,1,2,3,1
4724,101.547,3,2,5,1
4726,101.547,1,2,1,1
4726,101.119,4,3,1,1
4726,102.143,5,1,4,0
4727,102.491,2,3,0,0
4727,102.719,1,5,0,0
4728,102.592,2,0,1,1
4730,102.594,3,1,5,1
4731,102.594,1,1,2,1
4731,102.592,1,0,2,1
4733,102.592,2,0,0,1
4733,101.923,1,2,0,1
4733,100.13,1,5,0,1
4733,99.1381,3,2,1,1
4734,99.7488,4,2,3,0
4735,99.1381,1,2,4,1
4735,98.7496,4,1,4,1
4735,98.7496,1,1,5,1
4736,98.3558,1,5,1,0
4737,100.303,3,3,0,1
4737,100.524,3,4,5,1
4737,100.303,1,3,5,1
4738,100.303,1,3,0,1
4738,98.3167,1,4,0,1
4739,102.328,2,3,1,0
4740,100.986,2,5,1,0
4742,102.106,1,1,3,1
4742,102.048,1,1,3,1
4743,102.048,4,1,0,1
4743,98.9712,1,1,3,1
4743,98.487,1,5,3,1
4745,99.3391,1,4,1,0
4745,99.3391,1,4,3,0
4745,98.7149,1,4,4,1
4745,98.7149,2,4,5,1
4747,98.3167,1,4,0,1
4747,97.5357,2,0,2,0
4747,99.1938,3,0,2,0
4748,97.2963,2,2,2,1
4748,97.2914,3,1,2,1
4748,99.1938,2,0,5,0
4748,99.1989,2,3,5,0
4749,97.2914,1,1,1,1
4749,97.2843,1,5,1,1
4749,99.3391,2,4,3,0
4750,97.2843,3,5,1,1
4751,97.4114,3,3,0,0
4753,99.3391,1,4,1,0
4753,99.9349,3,4,1,0
4753,101.256,1,0,1,0
4753,97.2761,2,4,4,1
4754,102.072,5,1,0,0
4754,97.2761,1,4,4,1
4754,97.2724,1,0,4,1
4758,97.2636,2,3,4,1
4758,97.2465,3,3,4,1
4759,98.1169,3,5,0,0
4760,97.2465,1,3,5,1
4760,97.2175,3,2,5,1
4761,98.1169,2,5,2,0
4761,98.7832,1,2,2,0
4764,98.7832,3,2,3,0
4764,99.0868,1,0,3,0
4765,99.0868,2,0,1,0
4765,99.8144,1,3,1,0
4766,98.6548,4,3,1,1
4767,99.8144,2,3,3,0
4768,98.6548,1,3,1,1
4769,97.7998,4,1,3,0
4769,100.019,1,1,3,0
4769,97.6728,2,3,5,1
4769,97.3904,3,5,5,1
4770,100.657,1,5,3,0
4773,97.8008,4,2,1,0
4773,98.8858,2,5,2,0
4773,101.376,2,3,2,0
4774,101.376,2,3,4,0
4775,101.82,4,1,1,0
4775,97.3766,1,3,3,1
4775,97.2158,1,4,3,1
4775,102.067,1,4,4,0
4775,102.328,3,3,4,0
4776,102.687,1,4,1,1
4776,102.172,2,5,1,1
4777,102.172,2,5,5,1
4778,98.4373,1,2,4,1
4778,97.2158,2,4,4,1
4779,102.14,1,5,3,0
4779,102.675,2,3,5,1
4780,97.656,1,4,1,1
4781,97.6657,2,5,2,0
4782,102.719,1,5,2,0
4782,102.857,3,0,2,0
4785,101.063,1,2,0,1
4785,99.4203,4,2,4,1
4786,98.5419,4,5,1,1
4786,99.3469,1,4,5,0
4787,99.3469,3,4,0,0
4787,101.469,2,5,0,0
4789,102.552,2,5,0,1
4789,102.552,1,5,3,1
4789,101.129,2,4,3,1
4789,101.129,2,4,4,1
4789,101.024,1,4,5,0
4792,101.149,1,5,0,1
4792,98.6273,1,4,0,1
4793,102.695,1,0,1,1
4793,100.433,4,2,5,1
4794,102.857,1,0,0,0
4794,102.859,1,2,0,0
4794,102.865,1,5,0,0
4800,98.6273,1,4,2,1
4800,98.5419,1,5,2,1
4802,97.9304,3,0,2,1
4803,98.3777,2,2,1,0
4803,99.5853,1,0,1,0
4803,99.7093,2,5,4,0
4804,99.7093,1,5,5,0
4804,99.7686,4,5,5,0
4805,98.4685,2,3,0,1
4805,97.9304,2,0,0,1
4805,99.7686,1,5,5,0
4805,99.7705,2,0,5,0
4806,99.7705,2,0,0,0
4806,101.321,1,0,2,1
4806,99.8505,2,1,2,1
4806,102.361,2,0,3,0
4806,102.866,2,1,3,0
4807,102.514,2,1,5,0
4810,101.072,4,0,1,0
4811,102.514,1,1,0,0
4811,102.868,2,1,0,0
4811,102.373,5,4,5,1
4812,102.868,3,1,4,0
4812,102.869,2,2,4,0
4812,100.936,4,0,5,1
4812,99.8505,1,1,5,1
4815,102.177,1,4,2,1
4815,102.869,3,2,3,0
4815,102.873,2,3,3,0
4819,102.799,1,2,1,1
4819,102.509,4,4,1,1
4820,102.509,1,4,3,1
4820,102.177,4,4,3,1
4822,102.44,1,5,5,0
4822,102.873,2,3,5,0
4822,102.878,1,4,5,0
4823,102.713,3,2,4,1
4823,102.878,3,4,5,0
4824,102.713,2,2,0,1
4824,101.175,3,2,0,1
4824,100.466,4,1,3,1
4824,100.466,1,1,4,1
4824,100.362,3,2,4,1
4825,100.267,2,2,4,1
4825,100.267,1,2,5,1
4825,100.14,3,2,5,1
4826,100.14,2,2,2,1
4826,99.8505,1,1,2,1
4826,99.8505,1,1,4,1
4826,99.0509,2,1,4,1
4827,98.9612,1,2,1,1
4828,101.024,4,3,2,1
4828,101.024,1,3,4,1
4828,98.9612,2,2,4,1
4829,102.878,1,4,4,0
4829,102.883,1,2,4,0
4830,101.779,2,2,5,1
4831,100.648,1,0,3,0
4832,100.648,1,0,5,0
4832,100.889,1,5,5,0
4833,98.5219,2,0,1,1
4833,98.1977,3,3,1,1
4833,100.889,1,5,5,0
4834,101.94,1,1,1,0
4834,102.883,3,2,1,0
4834,102.883,1,2,1,0
4836,98.1977,2,3,0,1
4836,97.9087,1,0,0,1
4836,100.044,2,1,2,1
4837,100.044,1,1,1,1
4837,97.9087,1,0,1,1
4837,100.128,3,5,2,0
4841,102.591,3,5,1,1
4841,102.883,2,2,3,0
4842,102.591,2,5,4,1
4842,100.097,1,0,4,1
4842,99.5285,1,3,4,1
4843,99.5285,2,3,1,1
4843,99.1986,3,1,1,1
4844,97.8043,2,1,2,1
4844,97.656,1,4,2,1
4845,101.134,3,5,4,0
4846,102.284,2,4,0,1
4846,97.8885,2,1,4,0
4847,97.8885,1,1,0,0
4847,100.538,2,0,3,1
4848,98.4079,1,3,5,0
4851,98.3566,3,2,4,1
4854,98.4079,1,3,4,0
4854,98.6303,1,3,4,0
4854,98.0737,4,3,5,1
4854,97.8883,1,4,5,1
4855,98.6303,2,3,2,0
4855,98.6303,1,3,3,0
4855,100.731,1,1,3,0
4856,100.731,1,1,0,0
4856,101.74,2,0,0,0
4856,102.103,1,5,0,0
4857,101.283,4,5,2,0
4857,102.103,1,5,2,0
4858,100.95,3,3,1,0
4858,100.95,2,3,4,0
4859,101.13,4,1,3,1
4859,99.337,1,2,3,1
4859,102.103,2,5,5,0
4859,102.444,2,2,5,0
4860,102.444,2,2,2,0
4860,102.46,1,5,2,0
4860,102.883,1,2,2,0
4860,100.484,3,3,4,1
4863,100.484,2,3,1,1
4863,99.7756,1,0,1,1
4863,99.337,3,2,4,1
4864,99.5534,2,1,0,0
4864,102.883,1,2,3,0
4864,102.887,2,5,3,0
4865,102.887,4,3,1,0
4865,99.6908,1,3,4,1
4866,102.887,1,3,2,0
4866,102.888,3,3,2,0
4867,102.89,1,4,1,0
4867,99.6908,1,3,4,1
4868,99.6908,2,3,0,1
4868,99.337,1,2,0,1
4868,97.8883,1,4,0,1
4868,98.7596,3,1,5,0
4871,98.6854,2,4,4,0
4872,98.6854,2,4,2,0
4872,98.7596,1,1,2,0
4872,99.6448,2,2,3,1
4872,98.1979,1,2,3,1
4873,98.1979,3,2,2,1
4873,98.1869,2,4,4,1
4874,98.1994,3,0,1,0
4874,98.1099,4,2,2,1
4874,98.1994,1,0,3,0
4876,100.779,2,3,5,1
4879,100.779,1,3,0,1
4879,100.528,4,4,0,1
4880,100.873,1,1,0,0
4880,101.266,1,2,0,0
4880,101.565,3,0,2,1
4880,100.65,1,2,3,0
4880,101.846,1,5,3,0
4881,99.6743,1,2,0,1
4882,100.26,2,3,0,1
4882,100.455,2,2,3,1
4885,102.048,3,4,3,0
4885,102.358,1,1,3,0
4886,102.179,1,4,1,0
4886,102.89,2,4,1,0
4886,102.89,2,0,1,0
4886,102.89,3,0,3,0
4886,102.89,1,2,3,0
4887,101.273,3,2,3,1
4890,102.89,2,2,2,0
4891,102.89,1,2,3,0
4891,102.892,2,5,3,0
4891,102.9,3,2,4,0
4891,102.9,1,2,5,0
4891,102.901,3,1,5,0
4891,102.903,1,2,5,0
4893,101.49,4,2,1,1
4893,101.49,1,2,5,1
4893,100.609,3,2,5,1
4893,100.26,1,3,5,1
4895,102.903,1,2,0,0
4895,102.903,3,4,0,0
4895,102.905,3,0,3,0
4895,102.905,1,3,3,0
4896,102.905,3,3,0,0
4896,102.905,2,1,0,0
4897,100.26,1,3,2,1
4897,99.6743,1,2,2,1
4897,99.5792,1,0,2,1
4898,101.092,1,4,1,0
4898,102.169,1,1,2,1
4898,102.905,3,1,4,0
4899,102.169,1,1,1,1
4901,102.169,2,1,4,1
4901,101.556,3,3,4,1
4902,99.5792,2,0,2,1
4902,102.207,3,2,3,0
4902,99.4386,2,5,4,1
4903,99.4386,1,5,0,1
4903,99.3972,3,0,5,0
4903,102.906,1,3,5,0
4906,102.908,3,4,2,0
4908,102.816,1,3,3,1
4910,102.816,3,3,1,1
4910,102.911,2,2,2,0
4910,102.912,1,2,2,0
4910,102.914,2,5,2,0
4912,102.914,3,5,3,0
4912,102.914,2,2,3,0
4913,102.914,3,2,0,0
4913,102.915,1,4,0,0
4913,102.816,1,3,1,1
4913,102.305,1,5,1,1
4913,101.047,3,3,1,1
4915,102.687,1,5,2,1
4915,102.915,1,4,5,0
4915,102.919,2,1,5,0
4915,102.919,1,4,5,0
4915,102.92,1,2,5,0
4916,101.047,2,3,2,1
4916,100.717,2,5,2,1
4917,100.717,2,5,2,1
4917,99.447,1,1,2,1
4917,100.245,1,3,5,0
4918,100.623,2,5,3,1
4919,101.638,1,2,1,0
4919,102.92,1,2,1,0
4921,100.623,2,5,2,1
4922,101.611,2,2,0,0
4923,102.388,2,0,5,1
4924,102.388,1,0,0,1
4924,102.225,2,3,0,1
4924,102.92,1,2,1,0
4924,102.921,3,3,1,0
4925,102.225,2,3,4,1
4925,101.917,3,1,4,1
4927,100.009,2,3,3,1
4927,99.3863,2,3,3,1
4928,101.34,5,1,2,0
4928,99.3863,3,3,4,1
4928,98.8175,1,1,4,1
4928,98.8175,2,1,5,1
4930,101.737,2,3,1,1
4930,101.582,1,5,1,1
4930,101.582,1,5,3,1
4930,101.362,1,0,3,1
4930,98.8175,1,1,3,1
4931,99.0363,2,5,4,0
4931,98.8175,1,1,5,1
4931,98.7132,3,2,5,1
4932,101.982,3,4,3,0
4932,102.123,2,3,3,0
4933,98.7132,1,2,3,1
4933,98.3575,1,0,3,1
4933,98.1951,1,5,3,1
4935,98.1951,1,5,1,1
4935,98.0785,4,0,1,1
4935,98.0785,1,0,4,1
4935,97.908,2,2,4,1
4935,97.8938,1,4,4,1
4935,97.8883,1,4,4,1
4936,100.241,1,4,4,0
4939,100.241,3,4,4,0
4939,102.076,1,5,4,0
4940,99.9889,1,3,0,1
4941,100.17,4,5,3,0
4941,100.17,1,5,5,0
4942,101.542,2,2,4,1
4942,101.359,1,5,4,1
4944,102.123,1,3,2,0
4944,102.347,1,0,2,0
4945,101.359,1,5,5,1
4945,99.9889,2,3,5,1
4946,102.347,4,0,3,0
4946,102.922,1,5,3,0
4946,100.458,2,1,5,1
4948,102.394,3,0,0,1
4948,102.394,1,0,3,1
4949,102.872,2,5,1,1
4950,102.872,1,5,3,1
4950,101.009,2,5,3,1
4950,102.924,1,2,4,0
4950,102.925,2,5,4,0
4953,101.587,3,4,0,0
4953,102.925,1,5,0,0
4953,102.929,1,1,0,0
4953,101.009,1,5,1,1
4953,100.864,2,5,1,1
4953,100.458,1,1,1,1
4953,99.9889,1,3,1,1
4953,99.9202,2,3,3,1
4953,98.9084,2,5,3,1
4953,102.929,1,1,4,0
4954,98.9084,3,5,3,1
4954,98.7973,1,4,3,1
4958,101.1,2,3,5,0
4959,101.1,3,3,1,0
4959,102.647,2,0,1,0
4959,98.7973,1,4,4,1
4961,98.9497,4,4,2,0
4964,100.921,3,1,0,0
4964,98.6805,1,5,5,1
4965,100.921,1,1,1,0
4965,101.659,1,3,1,0
4965,98.6805,2,5,5,1
4966,98.6805,2,5,2,1
4968,97.9646,1,2,0,0
4968,97.8883,1,4,5,1
4968,97.656,2,4,5,1
4968,97.6484,1,1,5,1
4969,97.9646,1,2,0,0
4969,98.4631,1,3,0,0
4969,98.7256,1,5,0,0
4969,97.6484,1,1,1,1
4969,97.6083,1,2,1,1
4969,98.9465,3,2,2,0
4969,100.372,2,1,2,0
4970,100.316,1,1,5,0
4971,97.6083,1,2,2,1
4971,97.6071,1,0,2,1
4971,97.6071,4,0,3,1
4972,100.26,3,5,4,0
4973,100.26,1,5,4,0
4975,99.9451,2,0,4,0
4977,99.284,3,3,0,1
4977,97.7723,2,0,5,1
4978,100.316,1,1,5,0
4979,100.372,1,1,1,0
4979,100.437,4,2,1,0
4980,99.7759,2,3,3,1
4980,97.7723,3,0,3,1
4982,99.0928,2,0,0,0
4983,97.6037,2,5,1,1
4983,97.6037,2,5,2,1
4983,97.6007,1,2,2,1
4983,97.5818,1,4,2,1
4983,97.5818,1,4,4,1
4983,97.5645,1,2,4,1
4983,97.5433,1,1,4,1
4984,97.5433,2,1,3,1
4985,97.6897,2,2,0,0
4990,97.6897,2,2,1,0
4990,97.7071,2,0,1,0
4990,97.7256,1,4,1,0
4990,97.7256,1,4,5,0
4991,97.7256,1,4,2,0
4991,99.2446,3,5,2,0
4991,99.2446,1,5,5,0
4992,99.2446,1,5,5,0
4992,99.9308,3,3,5,0
4993,97.5433,1,1,0,1
4993,97.5055,3,1,0,1
4993,97.5012,1,4,0,1
4993,97.5012,2,4,4,1
4994,100.256,3,2,1,0
4994,100.437,1,2,1,0
4994,100.654,1,1,1,0
4994,100.016,4,0,4,1
4995,100.016,1,0,2,1
4995,97.4968,1,2,2,1
4995,97.4824,1,3,2,1
4997,98.9318,2,0,1,1
4997,97.3798,2,2,1,1
4998,100.654,1,1,0,0
4998,100.654,3,1,3,0
4999,101.418,2,1,0,0
4999,101.418,1,1,2,0
4999,101.659,1,3,2,0
5000,99.7184,2,2,0,1
